"Time_Iter","Outer_Iter","Inner_Iter",    "rms[Rho]"    ,    "rms[RhoU]"   ,    "rms[RhoV]"   ,    "rms[RhoW]"   ,    "rms[RhoE]"   ,     "rms[nu]"    
          0,           0,           0,      -4.564440584,      -9.281546705,      -10.05994918,      -10.00200659,      -3.957274518,      -11.53403949
          0,           0,           1,      -4.962711411,      -4.901019502,      -5.463976329,      -4.610698486,      -4.342721722,      -11.58810072
          0,           0,           2,      -4.993335431,       -4.89119768,       -5.29820822,      -4.970727635,      -4.377260849,      -11.41054078
          0,           0,           3,      -5.103455767,      -4.979091993,      -5.237917147,      -5.047832972,      -4.501864778,      -11.55554581
          0,           0,           4,      -5.126265386,      -5.023861375,      -5.223203621,      -5.038814524,      -4.535547287,      -11.61018514
          0,           0,           5,      -5.134208247,      -5.047000685,      -5.222917399,      -5.058000415,      -4.550844844,      -11.58528767
          0,           0,           6,      -5.149595743,      -5.064464206,       -5.22183873,      -5.083441995,      -4.567397743,      -11.60337668
          0,           0,           7,      -5.172039604,      -5.077599429,      -5.215778008,      -5.104295657,      -4.586152472,       -11.6120782
          0,           0,           8,      -5.190932926,      -5.086293499,      -5.211523222,      -5.122726226,      -4.601127116,      -11.60863611
          0,           0,           9,      -5.203137578,      -5.095331413,      -5.215043166,      -5.140209908,      -4.610932084,      -11.59627089
          0,           0,          10,      -5.212536112,        -5.1071498,      -5.226100795,      -5.156735482,      -4.618838558,      -11.57358283
          0,           0,          11,      -5.222008161,      -5.120274587,      -5.240272995,      -5.173247261,      -4.626966063,      -11.54042023
          0,           0,          12,      -5.232634441,      -5.134052313,      -5.253698353,      -5.191633415,      -4.636296106,       -11.4990228
          0,           0,          13,      -5.244979247,      -5.150098188,      -5.265803301,      -5.213554659,      -4.647656685,      -11.44953622
          0,           0,          14,      -5.258964387,      -5.169713821,       -5.27825125,      -5.239216273,      -4.660979466,      -11.39297696
          0,           0,          15,       -5.27366059,      -5.192241334,      -5.292722801,      -5.267013417,      -4.674944162,       -11.3311028
          0,           0,          16,      -5.287996824,      -5.215952142,      -5.310005867,      -5.294516413,       -4.68814609,      -11.26606359
          0,           0,          17,      -5.301594897,      -5.239714482,      -5.330201186,      -5.320056998,      -4.700353353,        -11.199904
          0,           0,          18,      -5.314635864,      -5.263762959,      -5.353030521,      -5.343616799,      -4.712240253,      -11.13469452
          0,           0,          19,      -5.327579314,      -5.289097527,      -5.377935423,      -5.366451029,      -4.724666982,      -11.07272721
          0,           0,          20,      -5.340953023,      -5.316490721,      -5.404091737,      -5.389971298,      -4.738194227,      -11.01444148
          0,           0,          21,      -5.354663289,      -5.346044429,      -5.430577734,      -5.414974898,      -4.752443623,       -10.9586881
          0,           0,          22,      -5.368740951,      -5.377324292,      -5.456661259,       -5.44138838,      -4.767089043,      -10.90366793
          0,           0,          23,      -5.383495653,      -5.409739071,      -5.482020839,      -5.468482029,      -4.782192542,      -10.83131501
          0,           0,          24,      -5.398952532,       -5.44281482,      -5.506754008,      -5.495440527,      -4.797697156,      -10.78934237
          0,           0,          25,      -5.415227023,      -5.476160444,       -5.53114346,      -5.521763585,      -4.813788856,      -10.72616393
          0,           0,          26,      -5.432929984,      -5.509530089,      -5.555435908,      -5.547328153,      -4.831198808,      -10.60292885
          0,           0,          27,      -5.452458164,      -5.542239873,      -5.579763178,      -5.572410007,      -4.850421892,      -10.56736781
          0,           0,          28,      -5.473614118,      -5.574806322,      -5.604162455,      -5.597556218,      -4.871349757,      -10.49917166
          0,           0,          29,      -5.496087851,      -5.606778994,       -5.62862651,      -5.623309902,      -4.893749509,      -10.43435503
          0,           0,          30,      -5.520183712,      -5.637836793,      -5.653127081,      -5.649830834,      -4.917933642,      -10.37026408
          0,           0,          31,      -5.545838712,      -5.668372133,      -5.677638925,      -5.677095056,      -4.943794716,      -10.31232653
          0,           0,          32,       -5.57283869,      -5.698051065,      -5.702118647,      -5.704954317,      -4.971068198,      -10.25739327
          0,           0,          33,       -5.60078127,       -5.72735905,      -5.726492915,      -5.733168459,       -4.99932515,      -10.20591862
          0,           0,          34,      -5.629148273,      -5.756436774,      -5.750684421,      -5.761466577,      -5.028035871,      -10.15959132
          0,           0,          35,      -5.657936943,      -5.785131732,      -5.774630338,      -5.789440478,      -5.057169064,      -10.11756767
          0,           0,          36,      -5.686876446,      -5.814449734,      -5.798310342,      -5.816898836,      -5.086449164,      -10.07883781
          0,           0,          37,      -5.715643202,      -5.844123057,      -5.821729634,      -5.843845099,      -5.115579391,      -10.04396694
          0,           0,          38,      -5.743852352,      -5.874056691,      -5.844911603,      -5.870477133,       -5.14422428,      -10.01212146
          0,           0,          39,      -5.771212334,      -5.903290123,      -5.867886278,      -5.897061749,      -5.172132985,       -9.98315633
          0,           0,          40,      -5.797404471,      -5.931144016,      -5.890698139,        -5.9238349,      -5.199005606,      -9.956685681
          0,           0,          41,      -5.822104614,      -5.956643209,      -5.913389593,      -5.950947403,       -5.22449233,      -9.932321481
          0,           0,          42,      -5.845118936,      -5.979406857,      -5.935996431,      -5.978443553,      -5.248326863,      -9.909485388
          0,           0,          43,      -5.866391252,      -5.998981657,      -5.958538635,      -6.006270188,      -5.270340057,      -9.888227899
          0,           0,          44,      -5.886014383,      -6.015239159,      -5.981042068,      -6.034316665,      -5.290518719,      -9.868004616
          0,           0,          45,      -5.904238622,      -6.027769405,      -6.003546277,      -6.062401248,       -5.30904084,      -9.848602457
          0,           0,          46,      -5.921465071,      -6.037103393,      -6.026111376,      -6.090324482,      -5.326284288,      -9.829837771
          0,           0,          47,      -5.938162271,      -6.044090592,      -6.048817055,      -6.117912327,      -5.342741397,      -9.811627737
          0,           0,          48,      -5.954843873,       -6.04965985,      -6.071765018,      -6.145042036,      -5.358996744,      -9.793931455
          0,           0,          49,      -5.971936442,      -6.054875467,       -6.09506462,       -6.17162668,      -5.375576167,      -9.776785197
          0,           0,          50,      -5.989803324,      -6.059964284,      -6.118833558,       -6.19764449,      -5.392953228,      -9.760181679
          0,           0,          51,      -6.008632198,      -6.065464778,      -6.143181759,      -6.223154628,      -5.411417137,      -9.744153617
          0,           0,          52,      -6.028456079,      -6.071550386,      -6.168184245,      -6.248296461,      -5.431084364,      -9.728787645
          0,           0,          53,      -6.049134647,      -6.078189039,      -6.193855682,      -6.273213385,      -5.451870794,      -9.714099477
          0,           0,          54,      -6.070316919,      -6.085416038,      -6.220142348,      -6.298053848,      -5.473441431,      -9.700163777
          0,           0,          55,      -6.091551803,      -6.092788354,       -6.24688855,      -6.322944759,      -5.495316323,      -9.686482651
          0,           0,          56,      -6.112285008,      -6.100328951,      -6.273807118,      -6.347915904,      -5.516858399,       -9.67461733
          0,           0,          57,      -6.131978984,      -6.107484486,      -6.300479329,      -6.372818514,      -5.537393802,      -9.663219103
          0,           0,          58,      -6.150196124,         -6.113866,       -6.32637352,       -6.39732416,      -5.556307813,      -9.652672297
          0,           0,          59,      -6.166737001,      -6.120428911,      -6.350921422,      -6.420968452,       -5.57323009,      -9.642991844
          0,           0,          60,      -6.181676117,      -6.127815725,      -6.373616755,       -6.44320832,      -5.588126553,      -9.634262405
          0,           0,          61,      -6.195325298,      -6.134723499,      -6.394112791,      -6.463478508,      -5.601293395,      -9.626482149
          0,           0,          62,      -6.208135175,      -6.141556761,      -6.412280708,      -6.481374971,      -5.613251473,      -9.619655441
          0,           0,          63,      -6.220633871,      -6.148454888,      -6.428236001,      -6.496717055,      -5.624651754,      -9.613776878
          0,           0,          64,      -6.233389173,      -6.155555399,      -6.442307498,      -6.509645238,      -5.636203648,      -9.608803271
          0,           0,          65,      -6.246837975,      -6.162849146,      -6.454972137,      -6.520638645,      -5.648478686,       -9.60466246
          0,           0,          66,      -6.261249466,      -6.170207007,      -6.466777717,      -6.530395324,      -5.661857839,      -9.601252522
          0,           0,          67,      -6.276757873,      -6.177580312,      -6.478270216,      -6.539675386,      -5.676553094,      -9.598483965
          0,           0,          68,      -6.293390534,      -6.184618372,      -6.489922067,       -6.54921186,      -5.692639409,      -9.596271464
          0,           0,          69,      -6.311063544,      -6.191223236,      -6.502089844,       -6.55964029,      -5.710046923,      -9.594492169
          0,           0,          70,      -6.329611074,      -6.197058557,      -6.514999874,      -6.571333009,       -5.72857943,      -9.593048403
          0,           0,          71,      -6.348801597,      -6.202072724,      -6.528733278,      -6.584448717,      -5.747942003,      -9.591838184
          0,           0,          72,      -6.368441624,      -6.206189994,      -6.543228903,      -6.598946053,      -5.767859141,      -9.590767405
          0,           0,          73,      -6.388332084,      -6.209384872,      -6.558302146,      -6.614522361,      -5.788032768,      -9.589765106
          0,           0,          74,      -6.408281632,      -6.211776203,      -6.573687684,      -6.630727092,      -5.808182748,      -9.588774837
          0,           0,          75,      -6.428134814,      -6.213553767,      -6.589079044,      -6.647014119,      -5.828091626,      -9.587755154
          0,           0,          76,      -6.447772933,       -6.21492376,      -6.604174291,      -6.662806551,      -5.847616883,       -9.58667773
          0,           0,          77,      -6.467121256,      -6.216097306,      -6.618722446,      -6.677625833,      -5.866703331,      -9.585527526
          0,           0,          78,      -6.486084841,      -6.217283619,      -6.632555859,      -6.691141376,      -5.885312951,      -9.584300454
          0,           0,          79,      -6.504572515,      -6.218681186,      -6.645609731,       -6.70325025,      -5.903440873,      -9.583008065
          0,           0,          80,      -6.522471377,      -6.220419046,       -6.65792427,      -6.714074151,      -5.921070449,      -9.581672068
          0,           0,          81,      -6.539638606,      -6.222587398,      -6.669623465,       -6.72392142,      -5.938145183,      -9.580305601
          0,           0,          82,      -6.555903159,      -6.225241938,      -6.680888389,      -6.733210408,      -5.954549002,      -9.578934647
          0,           0,          83,      -6.571086628,      -6.228382116,      -6.691907704,      -6.742362863,      -5.970110453,      -9.577584102
          0,           0,          84,      -6.585019123,      -6.231996255,      -6.702834693,      -6.751712997,      -5.984610609,      -9.576267694
          0,           0,          85,      -6.597601337,      -6.236042511,      -6.713752299,      -6.761446812,      -5.997849543,      -9.575012566
          0,           0,          86,      -6.608823174,      -6.240475438,      -6.724649423,      -6.771589673,      -6.009682547,      -9.573840693
          0,           0,          87,      -6.618788343,      -6.245247319,       -6.73542929,      -6.782007498,      -6.020076591,      -9.572787948
          0,           0,          88,      -6.627718532,      -6.250312364,      -6.745930887,      -6.792440101,      -6.029148137,      -9.571842789
          0,           0,          89,      -6.635919165,      -6.255625887,      -6.755969441,      -6.802550024,      -6.037149605,      -9.571022709
          0,           0,          90,      -6.643756265,      -6.261157836,      -6.765381735,      -6.812001491,      -6.044454905,       -9.57032865
          0,           0,          91,      -6.651620196,      -6.266893489,      -6.774068751,      -6.820521386,      -6.051512878,      -9.569763298
          0,           0,          92,      -6.659857755,      -6.272794333,      -6.782023304,      -6.827960155,      -6.058759274,      -9.569322955
          0,           0,          93,      -6.668779963,      -6.278828513,      -6.789338483,       -6.83435919,      -6.066611601,      -9.569002628
          0,           0,          94,      -6.678642402,      -6.284958319,      -6.796196772,      -6.839930564,      -6.075430661,      -9.568790209
          0,           0,          95,      -6.689593389,      -6.291134656,      -6.802840514,      -6.844995756,      -6.085452818,      -9.568676433
          0,           0,          96,      -6.701699259,      -6.297302441,      -6.809540752,      -6.849962887,      -6.096813665,      -9.568640956
          0,           0,          97,      -6.714963117,      -6.303411166,      -6.816555565,      -6.855254464,      -6.109562615,      -9.568667988
          0,           0,          98,      -6.729276864,      -6.309385673,      -6.824104943,      -6.861230594,      -6.123605384,      -9.568742687
          0,           0,          99,      -6.744517161,      -6.315155415,      -6.832348658,      -6.868194189,      -6.138809113,      -9.568852738
          0,           0,         100,       -6.76046587,      -6.320663416,       -6.84136998,      -6.876313696,      -6.154912141,      -9.568976172
          0,           0,         101,       -6.77689417,      -6.325858842,      -6.851174852,      -6.885647712,      -6.171619733,      -9.569097409
          0,           0,         102,      -6.793567934,      -6.330709431,      -6.861694895,      -6.896129683,      -6.188612595,      -9.569204492
          0,           0,         103,      -6.810246447,      -6.335200797,      -6.872798718,      -6.907592118,      -6.205561058,      -9.569283022
          0,           0,         104,       -6.82668775,        -6.3393381,      -6.884306494,        -6.9197841,      -6.222146717,      -9.569320718
          0,           0,         105,      -6.842661778,      -6.343142944,       -6.89601126,      -6.932400282,      -6.238089697,      -9.569305606
          0,           0,         106,       -6.85795678,      -6.346650835,      -6.907706562,      -6.945114999,      -6.253165511,      -9.569227771
          0,           0,         107,      -6.872389514,      -6.349908445,      -6.919212462,      -6.957624786,      -6.267219174,      -9.569083775
          0,           0,         108,       -6.88580786,      -6.352968048,      -6.930395725,      -6.969692025,      -6.280163228,      -9.568870069
          0,           0,         109,      -6.898096851,      -6.355883952,      -6.941184916,       -6.98117619,      -6.291970955,      -9.568580659
          0,           0,         110,      -6.909173955,      -6.358712818,      -6.951571459,      -6.992043575,      -6.302652691,      -9.568214901
          0,           0,         111,      -6.918990818,      -6.361503428,      -6.961605354,       -7.00237701,      -6.312240813,      -9.567777324
          0,           0,         112,      -6.927593019,      -6.364299543,      -6.971381096,      -7.012332526,       -6.32083315,      -9.567270353
          0,           0,         113,      -6.935054286,       -6.36713916,      -6.981013143,      -7.022095785,      -6.328513112,      -9.566699047
          0,           0,         114,      -6.941485987,      -6.370053406,      -6.990613031,      -7.031860399,       -6.33536186,      -9.566068671
          0,           0,         115,       -6.94704537,      -6.373066012,      -7.000266866,      -7.041787918,      -6.341471638,      -9.565389886
          0,           0,         116,      -6.951939902,      -6.376195246,      -7.010019408,      -7.051975039,      -6.346963438,      -9.564672493
          0,           0,         117,      -6.956406159,      -6.379454215,      -7.019869132,      -7.062438714,      -6.351982451,      -9.563928244
          0,           0,         118,      -6.960698562,      -6.382845926,      -7.029772047,      -7.073115651,      -6.356704522,      -9.563169527
          0,           0,         119,      -6.965063189,      -6.386368858,      -7.039653099,      -7.083877011,       -6.36132162,      -9.562392649
          0,           0,         120,      -6.969727332,      -6.390065942,      -7.049423657,      -7.094557833,      -6.366037775,      -9.561612462
          0,           0,         121,      -6.974892225,      -6.393905019,      -7.059000744,      -7.104985245,      -6.371061431,      -9.560840153
          0,           0,         122,      -6.980711659,      -6.397879472,      -7.068326019,      -7.115014033,      -6.376578555,      -9.560083994
          0,           0,         123,      -6.987291103,      -6.401980622,      -7.077378334,       -7.12455466,       -6.38274292,      -9.559351846
          0,           0,         124,      -6.994684601,      -6.406193864,      -7.086179206,      -7.133593841,      -6.389664418,      -9.558646945
          0,           0,         125,       -7.00289386,      -6.410498874,      -7.094790981,      -7.142196486,       -6.39740079,       -9.55797195
          0,           0,         126,      -7.011871307,      -6.414870644,       -7.10330885,      -7.150495698,      -6.405954442,      -9.557330723
          0,           0,         127,      -7.021524998,      -6.419279913,      -7.111847183,      -7.158671682,       -6.41527249,      -9.556725008
          0,           0,         128,      -7.031722805,      -6.423694468,      -7.120524187,      -7.166921399,      -6.425247384,      -9.556154208
          0,           0,         129,       -7.04230144,      -6.428080034,      -7.129445313,      -7.175433097,      -6.435723656,      -9.555617154
          0,           0,         130,      -7.053074787,      -6.432402268,      -7.138691894,      -7.184362076,      -6.446505806,      -9.555112989
          0,           0,         131,      -7.063841096,      -6.436628732,      -7.148312788,      -7.193813324,      -6.457367542,      -9.554638998
          0,           0,         132,      -7.074384866,      -6.440730414,      -7.158319001,      -7.203831886,      -6.468056506,      -9.554190222
          0,           0,         133,      -7.084513137,       -6.44468338,        -7.1686843,      -7.214403201,      -6.478339674,      -9.553762589
          0,           0,         134,      -7.094053634,      -6.448469998,      -7.179349228,      -7.225452643,      -6.488006428,      -9.553351275
          0,           0,         135,      -7.102857294,      -6.452079554,      -7.190228564,       -7.23686266,      -6.496879044,      -9.552952273
          0,           0,         136,      -7.110802906,      -6.455508664,      -7.201221587,      -7.248490294,      -6.504823115,      -9.552561917
          0,           0,         137,      -7.117794364,         -6.458761,      -7.212224366,      -7.260188779,      -6.511746602,       -9.55217654
          0,           0,         138,      -7.123826684,      -6.461846833,      -7.223143732,      -7.271826651,      -6.517668921,      -9.551792532
          0,           0,         139,      -7.128911262,      -6.464781809,      -7.233904046,      -7.283280117,      -6.522632376,      -9.551408718
          0,           0,         140,      -7.133089877,       -6.46758577,      -7.244457742,      -7.294477168,      -6.526715056,      -9.551022453
          0,           0,         141,       -7.13644966,      -6.470281616,      -7.254788125,      -7.305405651,      -6.530039182,      -9.550631554
          0,           0,         142,      -7.139093056,      -6.472893982,      -7.264905823,      -7.316098845,      -6.532732641,      -9.550235155
          0,           0,         143,      -7.141143104,      -6.475448183,      -7.274842883,        -7.3266262,      -6.534930633,      -9.549832922
          0,           0,         144,      -7.142735588,      -6.477968982,      -7.284643791,      -7.337078037,      -6.536766205,      -9.549424045
          0,           0,         145,      -7.144017999,      -6.480479837,      -7.294354475,      -7.347548149,      -6.538370952,      -9.549007105
          0,           0,         146,      -7.145140609,      -6.483002119,      -7.304011508,      -7.358115639,      -6.539869258,      -9.548581805
          0,           0,         147,      -7.146251152,      -6.485554645,      -7.313634416,      -7.368832138,      -6.541377775,      -9.548150204
          0,           0,         148,      -7.147489292,      -6.488153087,      -7.323222136,      -7.379712821,      -6.543004924,      -9.547714773
          0,           0,         149,      -7.148982201,      -6.490808957,      -7.332752885,      -7.390732759,      -6.544850939,       -9.54727887
          0,           0,         150,      -7.150839169,      -6.493533755,      -7.342188141,        -7.4018326,      -6.547005306,      -9.546843659
          0,           0,         151,      -7.153147839,      -6.496332666,       -7.35147992,      -7.412927395,      -6.549544692,      -9.546412085
          0,           0,         152,      -7.155971927,      -6.499206305,      -7.360580014,      -7.423922085,      -6.552530829,      -9.545987246
          0,           0,         153,      -7.159348073,      -6.502152714,      -7.369448147,      -7.434726572,      -6.556006375,      -9.545572347
          0,           0,         154,      -7.163284392,       -6.50516594,      -7.378060432,       -7.44527189,      -6.559991594,      -9.545169745
          0,           0,         155,      -7.167761228,       -6.50823636,      -7.386414053,      -7.455523264,      -6.564482704,      -9.544781598
          0,           0,         156,       -7.17273334,      -6.511351574,      -7.394529022,      -7.465486918,      -6.569451784,      -9.544410066
          0,           0,         157,      -7.178131892,        -6.5144966,      -7.402446097,      -7.475209568,      -6.574846451,      -9.544056367
          0,           0,         158,      -7.183868027,      -6.517654488,      -7.410220946,      -7.484771219,        -6.5805915,      -9.543722454
          0,           0,         159,       -7.18983669,      -6.520807238,      -7.417917032,      -7.494273083,      -6.586591297,      -9.543409537
          0,           0,         160,      -7.195921402,       -6.52393604,      -7.425596986,      -7.503823611,      -6.592733679,      -9.543117171
          0,           0,         161,      -7.202000211,      -6.527022449,      -7.433316104,      -7.513524229,       -6.59889576,      -9.542844799
          0,           0,         162,      -7.207951582,      -6.530049036,      -7.441115881,      -7.523456566,      -6.604950361,      -9.542592439
          0,           0,         163,      -7.213660601,      -6.533000091,      -7.449020075,      -7.533673331,      -6.610773493,       -9.54235881
          0,           0,         164,      -7.219024711,      -6.535862424,      -7.457033401,      -7.544194064,      -6.616251791,      -9.542142355
          0,           0,         165,      -7.223958922,      -6.538626106,      -7.465142506,      -7.555004773,      -6.621289648,      -9.541942609
          0,           0,         166,      -7.228399693,      -6.541284447,      -7.473319025,      -7.566062035,      -6.625814968,      -9.541758498
          0,           0,         167,      -7.232304443,      -6.543834253,      -7.481524169,       -7.57729991,      -6.629779749,      -9.541587883
          0,           0,         168,       -7.23565994,      -6.546275763,      -7.489713883,      -7.588642994,      -6.633170178,      -9.541428314
          0,           0,         169,      -7.238475043,      -6.548612601,       -7.49784484,      -7.600009467,       -6.63599805,      -9.541277799
          0,           0,         170,      -7.240779411,      -6.550851528,      -7.505879877,      -7.611326637,      -6.638299187,      -9.541134941
          0,           0,         171,      -7.242620455,      -6.553001844,      -7.513791468,      -7.622541316,      -6.640129244,      -9.540998146
          0,           0,         172,      -7.244060256,      -6.555074966,      -7.521563556,      -7.633623993,      -6.641559178,      -9.540866822
          0,           0,         173,      -7.245170794,      -6.557083764,      -7.529192003,       -7.64456848,        -6.6426687,      -9.540740725
          0,           0,         174,      -7.246030118,      -6.559041915,      -7.536683009,      -7.655393617,      -6.643541608,      -9.540618924
          0,           0,         175,      -7.246718731,        -6.5609632,      -7.544049665,      -7.666136198,      -6.644261521,      -9.540500313
          0,           0,         176,      -7.247316398,      -6.562861217,      -7.551308305,      -7.676842717,      -6.644908483,      -9.540384744
          0,           0,         177,      -7.247899352,      -6.564748789,      -7.558474571,      -7.687560024,      -6.645556485,      -9.540271638
          0,           0,         178,      -7.248537929,      -6.566637528,       -7.56556022,      -7.698326793,       -6.64627173,      -9.540161074
          0,           0,         179,       -7.24929464,      -6.568537541,      -7.572570911,      -7.709166718,      -6.647111511,      -9.540053612
          0,           0,         180,      -7.250222567,      -6.570457155,      -7.579505293,      -7.720084304,      -6.648123461,      -9.539950208
          0,           0,         181,      -7.251364083,      -6.572402745,      -7.586355327,      -7.731063336,      -6.649345015,      -9.539851273
          0,           0,         182,      -7.252750377,      -6.574378606,      -7.593108403,      -7.742070182,       -6.65080353,      -9.539757544
          0,           0,         183,      -7.254400532,      -6.576386945,      -7.599749748,      -7.753058311,      -6.652515659,       -9.53966977
          0,           0,         184,      -7.256321611,       -6.57842795,      -7.606265342,      -7.763975605,      -6.654487541,      -9.539588808
          0,           0,         185,       -7.25850895,      -6.580500083,      -7.612644923,      -7.774772759,      -6.656714966,      -9.539515908
          0,           0,         186,      -7.260946635,      -6.582599835,       -7.61888384,      -7.785410723,      -6.659183569,      -9.539451675
          0,           0,         187,      -7.263608623,      -6.584722246,       -7.62498448,      -7.795866705,      -6.661869591,      -9.539396732
          0,           0,         188,      -7.266460013,      -6.586861121,      -7.630956497,      -7.806138108,      -6.664740636,       -9.53935175
          0,           0,         189,      -7.269458831,      -6.589009396,      -7.636815829,      -7.816242534,      -6.667757058,      -9.539317283
          0,           0,         190,      -7.272557992,      -6.591159169,        -7.6425827,      -7.826214738,       -6.67087358,      -9.539294006
          0,           0,         191,      -7.275707508,      -6.593294249,      -7.648276194,        -7.8360996,      -6.674041261,      -9.539285182
          0,           0,         192,      -7.278854082,      -6.595388569,      -7.653911405,      -7.845938716,       -6.67720675,      -9.539284614
          0,           0,         193,      -7.281946316,      -6.597513005,      -7.659536243,      -7.855790791,      -6.680318025,       -9.53929425
          0,           0,         194,      -7.284944829,       -6.59960515,      -7.665146211,      -7.865708496,      -6.683334668,      -9.539314878
          0,           0,         195,      -7.287809682,      -6.601658372,      -7.670749382,      -7.875718681,       -6.68621491,      -9.539346229
          0,           0,         196,      -7.290508238,      -6.603671153,      -7.676349129,      -7.885826298,      -6.688924283,      -9.539388085
          0,           0,         197,      -7.293016482,      -6.605641431,      -7.681942678,      -7.896023928,      -6.691437224,      -9.539439819
          0,           0,         198,      -7.295319116,      -6.607567897,      -7.687522485,      -7.906290926,      -6.693737385,      -9.539500957
          0,           0,         199,       -7.29740984,      -6.609450405,      -7.693077776,      -7.916595292,      -6.695818086,      -9.539571095
          0,           0,         200,      -7.299291111,      -6.611289909,      -7.698596317,      -7.926898156,      -6.697682132,      -9.539649503
          0,           0,         201,      -7.300973378,       -6.61308848,      -7.704065847,      -7.937159237,      -6.699341003,      -9.539735436
          0,           0,         202,      -7.302474016,      -6.614849323,      -7.709475883,      -7.947342625,      -6.700813624,      -9.539828395
          0,           0,         203,      -7.303815917,      -6.616576447,      -7.714818642,      -7.957420943,      -6.702124779,      -9.539927862
          0,           0,         204,       -7.30502611,      -6.618274615,        -7.7200895,      -7.967378201,      -6.703303485,      -9.540033346
          0,           0,         205,        -7.3061343,      -6.619949019,      -7.725286937,      -7.977211019,      -6.704381311,      -9.540144482
          0,           0,         206,      -7.307171475,      -6.621605087,      -7.730412105,      -7.986927652,      -6.705390782,      -9.540261127
          0,           0,         207,      -7.308168597,      -6.623248249,      -7.735468111,      -7.996545127,      -6.706363962,      -9.540383003
          0,           0,         208,      -7.309155499,      -6.624883824,      -7.740459155,      -8.006085435,      -6.707331283,       -9.54050997
          0,           0,         209,      -7.310159936,      -6.626516897,      -7.745389605,      -8.015571168,      -6.708320609,      -9.540642216
          0,           0,         210,      -7.311206626,      -6.628151863,      -7.750262942,      -8.025021202,      -6.709356355,      -9.540779677
          0,           0,         211,      -7.312316643,      -6.629792505,      -7.755081483,      -8.034448056,      -6.710458977,      -9.540922464
          0,           0,         212,      -7.313506908,      -6.631441819,      -7.759846152,      -8.043855244,       -6.71164457,      -9.541070684
          0,           0,         213,       -7.31478988,      -6.633101975,      -7.764556587,      -8.053237024,      -6.712924696,      -9.541224593
          0,           0,         214,      -7.316173443,      -6.634774313,      -7.769211338,      -8.062579168,      -6.714306381,       -9.54138418
          0,           0,         215,      -7.317660909,      -6.636459384,      -7.773808543,      -8.071861469,      -6.715792191,      -9.541549677
          0,           0,         216,      -7.319251196,      -6.638156983,      -7.778346538,       -8.08106057,      -6.717380458,      -9.541721298
          0,           0,         217,      -7.320939128,      -6.639866207,      -7.782824424,      -8.090153612,      -6.719065598,      -9.541899254
          0,           0,         218,      -7.322715933,      -6.641585543,      -7.787242525,      -8.099121514,      -6.720838592,      -9.542083771
          0,           0,         219,      -7.324569598,      -6.643312952,      -7.791602563,       -8.10795201,      -6.722687309,      -9.542275089
          0,           0,         220,      -7.326485581,      -6.645045998,      -7.795907772,      -8.116640523,      -6.724597159,      -9.542473414
          0,           0,         221,      -7.328447585,      -6.646781995,      -7.800162802,      -8.125190589,      -6.726551828,      -9.542679109
          0,           0,         222,      -7.330438217,       -6.64851808,      -7.804373137,       -8.13361352,      -6.728533897,      -9.542892243
          0,           0,         223,      -7.332439767,      -6.650251362,      -7.808544679,      -8.141926427,      -6.730525592,      -9.543112804
          0,           0,         224,      -7.334434944,       -6.65197906,      -7.812683276,      -8.150149525,      -6.732509502,      -9.543340882
          0,           0,         225,      -7.336407582,      -6.653698633,       -7.81679424,      -8.158303166,      -6.734469292,      -9.543576598
          0,           0,         226,      -7.338343203,      -6.655407783,      -7.820881824,      -8.166405081,      -6.736390287,      -9.543819772
          0,           0,         227,      -7.340229538,      -6.657104576,       -7.82494909,      -8.174468618,      -6.738260017,      -9.544070441
          0,           0,         228,      -7.342056912,      -6.658787508,      -7.828997721,      -8.182501235,       -6.74006864,      -9.544328347
          0,           0,         229,      -7.343818463,      -6.660455536,      -7.833028105,      -8.190504249,        -6.7418092,      -9.544593174
          0,           0,         230,      -7.345510271,      -6.662108128,      -7.837039622,      -8.198473438,      -6.743477775,       -9.54486481
          0,           0,         231,      -7.347131321,      -6.663745218,      -7.841030811,       -8.20640009,      -6.745073459,      -9.545143073
          0,           0,         232,      -7.348683321,      -6.665367161,      -7.844999664,      -8.214272797,      -6.746598183,      -9.545427628
          0,           0,         233,      -7.350170436,      -6.666974732,      -7.848944035,      -8.222079706,      -6.748056446,      -9.545718224
          0,           0,         234,      -7.351598963,      -6.668569088,      -7.852862012,      -8.229809364,      -6.749454922,      -9.546014842
          0,           0,         235,      -7.352976945,      -6.670151743,      -7.856752079,      -8.237453659,      -6.750802098,      -9.546317442
          0,           0,         236,      -7.354313753,      -6.671724515,      -7.860613356,      -8.245008427,      -6.752107807,      -9.546626295
          0,           0,         237,      -7.355619513,      -6.673289198,       -7.86444535,      -8.252473347,      -6.753382616,      -9.546941246
          0,           0,         238,      -7.356904629,       -6.67484759,      -7.868248059,      -8.259852123,      -6.754637334,       -9.54726168
          0,           0,         239,      -7.358179448,      -6.676401599,      -7.872021853,      -8.267150725,      -6.755882623,      -9.547587508
          0,           0,         240,      -7.359453846,      -6.677953002,      -7.875767444,       -8.27437714,      -6.757128587,      -9.547918592
          0,           0,         241,      -7.360736876,      -6.679503406,       -7.87948568,      -8.281539652,      -6.758384411,      -9.548254724
          0,           0,         242,      -7.362036512,      -6.681054257,      -7.883177437,      -8.288645469,      -6.759658105,        -9.5485959
          0,           0,         243,      -7.363359449,      -6.682606787,      -7.886843492,      -8.295699571,      -6.760956316,      -9.548942039
          0,           0,         244,      -7.364710963,      -6.684162041,       -7.89048453,      -8.302704108,      -6.762284207,      -9.549293164
          0,           0,         245,      -7.366094781,      -6.685720721,      -7.894100994,      -8.309658196,      -6.763645347,      -9.549649261
          0,           0,         246,      -7.367513069,      -6.687283257,      -7.897693221,       -8.31655812,      -6.765041713,      -9.550010356
          0,           0,         247,       -7.36896647,      -6.688849822,      -7.901261526,      -8.323398032,      -6.766473742,      -9.550376608
          0,           0,         248,      -7.370454213,      -6.690420372,       -7.90480626,      -8.330170915,       -6.76794045,      -9.550748422
          0,           0,         249,      -7.371974183,      -6.691994619,      -7.908327862,      -8.336869494,      -6.769439529,        -9.5511263
          0,           0,         250,      -7.373523117,      -6.693572029,      -7.911827029,      -8.343487052,      -6.770967547,      -9.551508976
          0,           0,         251,      -7.375096801,       -6.69515187,      -7.915304626,      -8.350018758,      -6.772520135,      -9.551896001
          0,           0,         252,      -7.376690282,      -6.696733431,      -7.918761777,      -8.356462573,      -6.774092186,      -9.552287843
          0,           0,         253,      -7.378298206,      -6.698315811,      -7.922199726,      -8.362819446,      -6.775678247,      -9.552684852
          0,           0,         254,      -7.379914927,      -6.699898126,      -7.925619942,      -8.369089456,      -6.777272562,      -9.553087302
          0,           0,         255,      -7.381534758,      -6.701479434,      -7.929023921,      -8.375276142,      -6.778869357,      -9.553495273
          0,           0,         256,      -7.383152189,      -6.703058779,      -7.932413081,      -8.381385292,      -6.780463053,      -9.553908661
          0,           0,         257,      -7.384762131,      -6.704635301,      -7.935788774,       -8.38742325,      -6.782048506,      -9.554327485
          0,           0,         258,      -7.386360136,      -6.706208314,      -7.939152253,       -8.39339593,      -6.783621216,      -9.554752073
          0,           0,         259,      -7.387942506,      -6.707777253,      -7.942504515,      -8.399308306,      -6.785177458,      -9.555182579
          0,           0,         260,      -7.389506349,      -6.709341627,      -7.945846763,      -8.405164341,      -6.786714354,       -9.55561862
          0,           0,         261,       -7.39104958,      -6.710901052,      -7.949178746,      -8.410966701,      -6.788229846,      -9.556059946
          0,           0,         262,      -7.392571045,      -6.712455341,       -7.95250066,       -8.41671676,      -6.789722827,      -9.556506426
          0,           0,         263,      -7.394070481,      -6.714004463,      -7.955812484,       -8.42241477,      -6.791193106,      -9.556957942
          0,           0,         264,       -7.39554847,       -6.71554854,      -7.959114054,      -8.428060117,      -6.792641354,      -9.557414396
          0,           0,         265,      -7.397006359,      -6.717087834,      -7.962405116,      -8.433651744,      -6.794069022,      -9.557875704
          0,           0,         266,      -7.398446147,      -6.718622724,      -7.965685376,      -8.439188563,      -6.795478226,      -9.558341797
          0,           0,         267,      -7.399870361,      -6.720153679,      -7.968954533,      -8.444669697,      -6.796871618,      -9.558812587
          0,           0,         268,      -7.401281923,      -6.721681245,      -7.972212319,      -8.450094746,      -6.798252241,      -9.559287991
          0,           0,         269,      -7.402684005,      -6.723206014,      -7.975458534,      -8.455463914,      -6.799623383,       -9.55976794
          0,           0,         270,      -7.404079932,      -6.724728667,      -7.978693143,      -8.460777952,      -6.800988462,       -9.56025263
          0,           0,         271,      -7.405473054,       -6.72624992,      -7.981916099,      -8.466038097,      -6.802350895,      -9.560742395
          0,           0,         272,      -7.406866372,      -6.727770344,      -7.985127198,      -8.471244543,      -6.803713748,      -9.561236951
          0,           0,         273,       -7.40826281,       -6.72929044,      -7.988326472,      -8.476403232,      -6.805080017,      -9.561736005
          0,           0,         274,      -7.409664919,      -6.730810666,      -7.991514149,      -8.481512453,      -6.806452286,      -9.562239429
          0,           0,         275,      -7.411074776,      -6.732331418,      -7.994690312,      -8.486569167,      -6.807832632,      -9.562747177
          0,           0,         276,      -7.412494001,      -6.733853017,      -7.997855073,      -8.491572544,      -6.809222663,      -9.563259221
          0,           0,         277,      -7.413923745,      -6.735375709,      -8.001008558,      -8.496522147,      -6.810623502,      -9.563775526
          0,           0,         278,      -7.415364686,      -6.736899654,      -8.004150903,      -8.501416883,       -6.81203579,      -9.564296097
          0,           0,         279,      -7.416817037,      -6.738424934,      -8.007282259,      -8.506254897,      -6.813459688,      -9.564820955
          0,           0,         280,      -7.418280605,      -6.739951638,      -8.010402877,      -8.511033939,      -6.814894939,      -9.565350331
          0,           0,         281,      -7.419754776,      -6.741479726,      -8.013512961,      -8.515751725,      -6.816340863,      -9.565884243
          0,           0,         282,      -7.421238542,       -6.74300903,      -8.016612737,      -8.520406209,      -6.817796396,      -9.566422576
          0,           0,         283,      -7.422730584,      -6.744539328,      -8.019702517,      -8.524995912,      -6.819260165,      -9.566965281
          0,           0,         284,      -7.424229362,      -6.746070374,      -8.022782653,      -8.529520116,      -6.820730573,      -9.567512368
          0,           0,         285,      -7.425733218,      -6.747601921,      -8.025853503,      -8.533978782,      -6.822205914,      -9.568063879
          0,           0,         286,      -7.427240387,       -6.74913365,      -8.028915447,       -8.53837262,      -6.823684379,      -9.568619751
          0,           0,         287,      -7.428749165,      -6.750665366,      -8.031968935,      -8.542703492,      -6.825164223,      -9.569180171
          0,           0,         288,      -7.430257927,      -6.752196846,      -8.035014391,      -8.546973578,      -6.826643788,      -9.569745279
          0,           0,         289,      -7.431765151,      -6.753727826,      -8.038052202,      -8.551185288,      -6.828121535,      -9.570315011
          0,           0,         290,      -7.433269479,      -6.755258074,      -8.041082723,      -8.555341333,      -6.829596097,      -9.570889201
          0,           0,         291,      -7.434769742,      -6.756787354,       -8.04410626,      -8.559444704,      -6.831066308,      -9.571467713
          0,           0,         292,      -7.436265034,      -6.758315516,      -8.047123073,      -8.563498541,      -6.832531264,      -9.572050529
          0,           0,         293,      -7.437754709,       -6.75984243,      -8.050133369,      -8.567505902,      -6.833990333,      -9.572637538
          0,           0,         294,      -7.439238395,      -6.761368024,      -8.053137307,      -8.571469656,      -6.835443158,      -9.573228686
          0,           0,         295,      -7.440716039,      -6.762892394,      -8.056135098,      -8.575392381,      -6.836889705,      -9.573824194
          0,           0,         296,      -7.442187804,      -6.764415537,      -8.059126765,       -8.57927638,       -6.83833017,      -9.574423906
          0,           0,         297,      -7.443654068,      -6.765937502,      -8.062112302,      -8.583123727,      -6.839764964,      -9.575027722
          0,           0,         298,      -7.445115446,      -6.767458442,      -8.065091736,      -8.586936373,      -6.841194726,      -9.575635817
          0,           0,         299,      -7.446572724,      -6.768978532,      -8.068065069,      -8.590715912,      -6.842620271,      -9.576248208
          0,           0,         300,      -7.448026758,      -6.770497906,      -8.071032275,      -8.594463436,      -6.844042502,      -9.576864652
          0,           0,         301,      -7.449478535,      -6.772016816,      -8.073993322,      -8.598180156,      -6.845462426,      -9.577485318
          0,           0,         302,      -7.450929031,       -6.77353542,      -8.076948092,      -8.601866925,      -6.846881062,      -9.578109965
          0,           0,         303,      -7.452379203,      -6.775053875,      -8.079896496,      -8.605524339,      -6.848299398,      -9.578738453
          0,           0,         304,      -7.453829969,      -6.776572347,      -8.082838474,      -8.609152584,      -6.849718378,      -9.579370717
          0,           0,         305,      -7.455282185,      -6.778090993,       -8.08577399,      -8.612751461,      -6.851138873,       -9.58000671
          0,           0,         306,      -7.456736608,      -6.779609957,      -8.088702991,      -8.616320984,      -6.852561652,      -9.580646401
          0,           0,         307,      -7.458193877,      -6.781129366,      -8.091625445,      -8.619860883,      -6.853987358,      -9.581289763
          0,           0,         308,      -7.459654504,      -6.782649331,      -8.094541373,      -8.623370616,      -6.855416504,      -9.581936778
          0,           0,         309,       -7.46111886,      -6.784169937,      -8.097450783,      -8.626849443,      -6.856849455,      -9.582587427
          0,           0,         310,      -7.462587171,      -6.785691245,      -8.100353699,      -8.630296615,      -6.858286429,      -9.583241694
          0,           0,         311,      -7.464059518,      -6.787213287,      -8.103250159,       -8.63371141,      -6.859727494,      -9.583899569
          0,           0,         312,      -7.465535842,       -6.78873607,      -8.106140223,      -8.637092968,      -6.861172575,      -9.584561041
          0,           0,         313,      -7.467015977,      -6.790259599,       -8.10902398,       -8.64044074,      -6.862621482,      -9.585226267
          0,           0,         314,      -7.468499655,      -6.791783858,      -8.111901512,      -8.643754903,      -6.864073924,      -9.585895356
          0,           0,         315,      -7.469986495,      -6.793308784,      -8.114772917,      -8.647035141,      -6.865529507,      -9.586568104
          0,           0,         316,       -7.47147604,      -6.794834302,      -8.117638315,      -8.650281364,      -6.866987764,      -9.587244443
          0,           0,         317,      -7.472967788,      -6.796360331,      -8.120497831,      -8.653493899,      -6.868448176,      -9.587924349
          0,           0,         318,      -7.474461218,      -6.797886789,      -8.123351601,       -8.65667345,      -6.869910212,      -9.588607804
          0,           0,         319,       -7.47595581,       -6.79941359,      -8.126199761,      -8.659820968,       -6.87137334,      -9.589294796
          0,           0,         320,       -7.47745107,      -6.800940667,      -8.129042457,      -8.662937585,      -6.872837058,      -9.589985324
          0,           0,         321,      -7.478946543,       -6.80246795,      -8.131879873,      -8.666024607,      -6.874300903,      -9.590679363
          0,           0,         322,       -7.48044182,      -6.803995371,      -8.134712104,      -8.669083506,      -6.875764461,      -9.591376928
          0,           0,         323,      -7.481936573,      -6.805522897,      -8.137539244,      -8.672115881,      -6.877227396,        -9.5920782
          0,           0,         324,      -7.483430537,      -6.807050483,      -8.140361402,      -8.675123338,      -6.878689443,      -9.592783051
          0,           0,         325,      -7.484923507,      -6.808578089,      -8.143178673,      -8.678107436,      -6.880150405,      -9.593491379
          0,           0,         326,      -7.486415357,      -6.810105694,      -8.145991142,      -8.681069729,      -6.881610162,      -9.594203142
          0,           0,         327,      -7.487906041,      -6.811633294,      -8.148798877,      -8.684011707,      -6.883068677,      -9.594918324
          0,           0,         328,        -7.4893956,       -6.81316091,      -8.151601962,      -8.686934803,      -6.884525998,      -9.595636928
          0,           0,         329,      -7.490884144,      -6.814688574,      -8.154400443,      -8.689840259,      -6.885982246,      -9.596358947
          0,           0,         330,      -7.492371843,      -6.816216321,      -8.157194339,      -8.692729126,      -6.887437598,      -9.597084372
          0,           0,         331,      -7.493858921,      -6.817744213,      -8.159983665,      -8.695602414,      -6.888892289,      -9.597813213
          0,           0,         332,      -7.495345654,      -6.819272338,       -8.16276844,      -8.698461057,      -6.890346601,      -9.598545579
          0,           0,         333,      -7.496832333,      -6.820800764,      -8.165548648,      -8.701305723,      -6.891800835,      -9.599281401
          0,           0,         334,      -7.498319251,      -6.822329543,      -8.168324273,      -8.704136826,      -6.893255298,       -9.60002062
          0,           0,         335,      -7.499806706,      -6.823858733,      -8.171095317,      -8.706954752,      -6.894710289,      -9.600763287
          0,           0,         336,      -7.501294969,      -6.825388373,      -8.173861747,      -8.709759607,      -6.896166092,      -9.601509241
          0,           0,         337,      -7.502784289,      -6.826918505,      -8.176623534,      -8.712551376,      -6.897622963,      -9.602258421
          0,           0,         338,        -7.5042749,      -6.828449183,      -8.179380659,      -8.715329926,      -6.899081139,      -9.603010869
          0,           0,         339,      -7.505767037,      -6.829980509,      -8.182133138,      -8.718094957,      -6.900540845,      -9.603766801
          0,           0,         340,      -7.507260889,      -6.831512556,      -8.184880952,      -8.720846316,      -6.902002277,      -9.604526133
          0,           0,         341,      -7.508756597,      -6.833045362,      -8.187624119,      -8.723583715,      -6.903465575,      -9.605288879
          0,           0,         342,      -7.510254267,      -6.834578991,      -8.190362696,      -8.726306901,      -6.904930841,      -9.606055064
          0,           0,         343,      -7.511753916,      -6.836113405,      -8.193096632,      -8.729015308,      -6.906398098,      -9.606824491
          0,           0,         344,       -7.51325551,      -6.837648576,      -8.195825903,      -8.731708482,      -6.907867311,      -9.607597072
          0,           0,         345,       -7.51475898,      -6.839184479,      -8.198550505,       -8.73438614,      -6.909338411,      -9.608372772
          0,           0,         346,      -7.516264231,      -6.840721094,      -8.201270444,      -8.737048131,      -6.910811295,      -9.609151577
          0,           0,         347,      -7.517771142,      -6.842258395,      -8.203985738,      -8.739694378,      -6.912285841,      -9.609933462
          0,           0,         348,      -7.519279577,      -6.843796361,      -8.206696411,      -8.742324891,      -6.913761907,      -9.610718416
          0,           0,         349,      -7.520789404,      -6.845335002,      -8.209402521,      -8.744939844,      -6.915239354,      -9.611506489
          0,           0,         350,      -7.522300489,      -6.846874322,      -8.212103981,      -8.747539475,      -6.916718046,      -9.612297697
          0,           0,         351,      -7.523812677,      -6.848414274,      -8.214800758,      -8.750123976,      -6.918197826,      -9.613091976
          0,           0,         352,      -7.525325815,      -6.849954824,      -8.217493107,      -8.752693693,      -6.919678537,        -9.6138893
          0,           0,         353,      -7.526839761,      -6.851495952,      -8.220181035,      -8.755248355,      -6.921160037,      -9.614689655
          0,           0,         354,      -7.528354393,      -6.853037647,      -8.222864528,      -8.757787417,        -6.9226422,       -9.61549305
          0,           0,         355,       -7.52986961,       -6.85457989,      -8.225543687,      -8.760313573,      -6.924124921,      -9.616299514
          0,           0,         356,      -7.531385322,      -6.856122659,      -8.228218559,      -8.762827503,      -6.925608114,      -9.617108968
          0,           0,         357,      -7.532901458,      -6.857665938,      -8.230889188,      -8.765329837,      -6.927091708,      -9.617921386
          0,           0,         358,      -7.534417973,      -6.859209718,      -8.233555608,      -8.767821217,      -6.928575658,      -9.618736756
          0,           0,         359,      -7.535934844,      -6.860753994,      -8.236217845,      -8.770302227,      -6.930059944,      -9.619555048
          0,           0,         360,       -7.53745209,      -6.862298806,      -8.238875962,       -8.77277355,      -6.931544586,      -9.620376311
          0,           0,         361,      -7.538969769,      -6.863844193,      -8.241530021,       -8.77523578,      -6.933029636,      -9.621200702
          0,           0,         362,      -7.540487953,      -6.865390202,      -8.244180086,      -8.777689504,      -6.934515169,      -9.622028181
          0,           0,         363,      -7.542006706,      -6.866936833,      -8.246826141,      -8.780135071,      -6.936001254,      -9.622858669
          0,           0,         364,      -7.543526106,      -6.868484096,       -8.24946818,      -8.782572733,      -6.937487968,      -9.623692249
          0,           0,         365,      -7.545046217,      -6.870031983,      -8.252106164,      -8.785002744,      -6.938975383,      -9.624528739
          0,           0,         366,      -7.546567102,      -6.871580492,      -8.254740068,      -8.787425424,      -6.940463566,       -9.62536807
          0,           0,         367,      -7.548088827,      -6.873129631,      -8.257369871,      -8.789841008,       -6.94195259,      -9.626210214
          0,           0,         368,      -7.549611461,      -6.874679407,      -8.259995558,      -8.792249605,      -6.943442525,      -9.627055152
          0,           0,         369,      -7.551135071,      -6.876229835,      -8.262617114,      -8.794651225,      -6.944933441,      -9.627902871
          0,           0,         370,      -7.552659725,      -6.877780931,      -8.265234527,      -8.797045827,      -6.946425405,      -9.628753406
          0,           0,         371,       -7.55418549,       -6.87933272,      -8.267847786,      -8.799433308,      -6.947918483,      -9.629606781
          0,           0,         372,      -7.555712413,      -6.880885206,      -8.270456902,      -8.801813696,      -6.949412725,       -9.63046293
          0,           0,         373,      -7.557240527,      -6.882438397,      -8.273061867,      -8.804186907,      -6.950908163,      -9.631321834
          0,           0,         374,      -7.558769856,        -6.8839923,       -8.27566266,      -8.806552754,      -6.952404823,      -9.632183473
          0,           0,         375,      -7.560300414,      -6.885546919,      -8.278259266,      -8.808911045,      -6.953902719,      -9.633047827
          0,           0,         376,        -7.5618322,      -6.887102258,      -8.280851678,      -8.811261626,       -6.95540185,      -9.633914884
          0,           0,         377,      -7.563365199,      -6.888658317,      -8.283439896,      -8.813604422,      -6.956902199,      -9.634784632
          0,           0,         378,      -7.564899389,      -6.890215095,      -8.286023921,      -8.815939369,      -6.958403743,      -9.635657063
          0,           0,         379,      -7.566434741,       -6.89177259,       -8.28860376,      -8.818266444,      -6.959906452,       -9.63653217
          0,           0,         380,      -7.567971219,      -6.893330798,      -8.291179419,      -8.820585663,      -6.961410291,      -9.637409945
          0,           0,         381,      -7.569508785,      -6.894889716,      -8.293750908,      -8.822897082,      -6.962915218,      -9.638290374
          0,           0,         382,      -7.571047398,      -6.896449339,      -8.296318238,      -8.825200796,      -6.964421191,      -9.639173446
          0,           0,         383,      -7.572587014,      -6.898009661,      -8.298881423,       -8.82749694,      -6.965928167,      -9.640059151
          0,           0,         384,       -7.57412759,      -6.899570679,      -8.301440475,      -8.829785678,      -6.967436102,       -9.64094748
          0,           0,         385,      -7.575669088,      -6.901132387,       -8.30399541,      -8.832067207,      -6.968944955,      -9.641838423
          0,           0,         386,      -7.577211469,      -6.902694781,      -8.306546243,      -8.834341746,       -6.97045469,      -9.642731969
          0,           0,         387,      -7.578754704,      -6.904257858,      -8.309092988,      -8.836609538,      -6.971965274,      -9.643628109
          0,           0,         388,      -7.580298765,      -6.905821614,      -8.311635657,      -8.838870845,      -6.973476681,      -9.644526833
          0,           0,         389,      -7.581843633,      -6.907386049,      -8.314174268,      -8.841125939,      -6.974988893,      -9.645428131
          0,           0,         390,      -7.583389296,      -6.908951163,      -8.316708831,      -8.843375085,      -6.976501895,      -9.646331994
          0,           0,         391,      -7.584935748,      -6.910516957,      -8.319239362,      -8.845618561,      -6.978015683,       -9.64723841
          0,           0,         392,      -7.586482989,      -6.912083433,       -8.32176587,      -8.847856651,       -6.97953026,      -9.648147371
          0,           0,         393,      -7.588031026,      -6.913650594,      -8.324288363,      -8.850089593,      -6.981045629,      -9.649058866
          0,           0,         394,      -7.589579868,      -6.915218445,      -8.326806848,      -8.852317589,      -6.982561801,      -9.649972888
          0,           0,         395,       -7.59112953,      -6.916786989,      -8.329321331,      -8.854540841,      -6.984078793,      -9.650889424
          0,           0,         396,      -7.592680033,      -6.918356234,      -8.331831818,      -8.856759522,      -6.985596626,      -9.651808465
          0,           0,         397,      -7.594231398,      -6.919926184,       -8.33433831,      -8.858973782,      -6.987115323,      -9.652729999
          0,           0,         398,       -7.59578365,      -6.921496847,      -8.336840811,      -8.861183735,      -6.988634909,      -9.653654019
          0,           0,         399,      -7.597336813,      -6.923068228,      -8.339339318,      -8.863389461,      -6.990155407,      -9.654580514
          0,           0,         400,       -7.59889091,      -6.924640335,      -8.341833831,      -8.865591016,      -6.991676844,      -9.655509476
          0,           0,         401,      -7.600445965,      -6.926213174,      -8.344324348,      -8.867788435,      -6.993199241,      -9.656440896
          0,           0,         402,      -7.602001999,      -6.927786751,      -8.346810867,      -8.869981734,      -6.994722621,      -9.657374766
          0,           0,         403,      -7.603559029,      -6.929361071,      -8.349293385,      -8.872170901,      -6.996247003,      -9.658311078
          0,           0,         404,      -7.605117071,      -6.930936139,      -8.351771899,      -8.874355915,      -6.997772401,      -9.659249824
          0,           0,         405,      -7.606676138,       -6.93251196,      -8.354246409,      -8.876536744,      -6.999298828,      -9.660190994
          0,           0,         406,      -7.608236238,      -6.934088538,      -8.356716913,      -8.878713344,      -7.000826293,      -9.661134589
          0,           0,         407,      -7.609797376,      -6.935665876,       -8.35918341,      -8.880885682,        -7.0023548,      -9.662080599
          0,           0,         408,      -7.611359553,      -6.937243975,      -8.361645899,      -8.883053717,      -7.003884352,      -9.663029012
          0,           0,         409,      -7.612922768,      -6.938822838,      -8.364104383,      -8.885217413,      -7.005414944,      -9.663979819
          0,           0,         410,      -7.614487014,      -6.940402466,      -8.366558862,      -8.887376768,      -7.006946573,      -9.664933011
          0,           0,         411,      -7.616052286,      -6.941982859,      -8.369009341,      -8.889531795,       -7.00847923,      -9.665888584
          0,           0,         412,      -7.617618578,      -6.943564025,      -8.371455828,      -8.891682485,       -7.01001291,      -9.666846539
          0,           0,         413,      -7.619185885,      -6.945145975,      -8.373898333,       -8.89382885,      -7.011547609,      -9.667806883
          0,           0,         414,      -7.620754198,      -6.946728702,       -8.37633686,      -8.895970959,      -7.013083317,      -9.668769594
          0,           0,         415,        -7.6223235,      -6.948312203,      -8.378771411,      -8.898108893,      -7.014620018,      -9.669734657
          0,           0,         416,       -7.62389378,      -6.949896474,      -8.381201993,      -8.900242729,      -7.016157698,      -9.670702059
          0,           0,         417,      -7.625465024,      -6.951481511,      -8.383628612,      -8.902372545,      -7.017696344,      -9.671671791
          0,           0,         418,      -7.627037219,      -6.953067314,      -8.386051276,      -8.904498428,      -7.019235944,      -9.672643845
          0,           0,         419,      -7.628610355,       -6.95465388,       -8.38846999,      -8.906620475,      -7.020776487,      -9.673618213
          0,           0,         420,      -7.630184424,      -6.956241208,      -8.390884765,      -8.908738788,      -7.022317963,      -9.674594887
          0,           0,         421,      -7.631759417,      -6.957829299,      -8.393295606,      -8.910853467,      -7.023860365,      -9.675573861
          0,           0,         422,      -7.633335331,      -6.959418152,      -8.395702521,      -8.912964636,      -7.025403688,      -9.676555129
          0,           0,         423,      -7.634912186,      -6.961007815,      -8.398105537,      -8.915072393,      -7.026947946,      -9.677538797
          0,           0,         424,       -7.63649001,       -6.96259832,      -8.400504678,      -8.917176677,      -7.028493167,      -9.678524902
          0,           0,         425,      -7.638068808,      -6.964189645,       -8.40289994,      -8.919277704,       -7.03003936,      -9.679513361
          0,           0,         426,      -7.639648571,      -6.965781772,      -8.405291324,      -8.921375686,      -7.031586517,      -9.680504119
          0,           0,         427,      -7.641229292,      -6.967374693,       -8.40767883,      -8.923470752,      -7.033134633,      -9.681497148
          0,           0,         428,      -7.642810967,        -6.9689684,      -8.410062459,      -8.925562996,      -7.034683704,      -9.682492429
          0,           0,         429,      -7.644393594,      -6.970562894,      -8.412442216,      -8.927652505,       -7.03623373,      -9.683489958
          0,           0,         430,      -7.645977184,      -6.972158193,      -8.414818103,      -8.929739404,      -7.037784719,       -9.68448975
          0,           0,         431,       -7.64756174,      -6.973754294,      -8.417190132,      -8.931823669,      -7.039336677,      -9.685491788
          0,           0,         432,      -7.649147269,      -6.975351193,      -8.419558308,      -8.933905242,       -7.04088961,      -9.686496048
          0,           0,         433,      -7.650733772,      -6.976948887,       -8.42192263,       -8.93598405,      -7.042443521,      -9.687502512
          0,           0,         434,      -7.652321254,      -6.978547375,      -8.424283099,      -8.938060064,      -7.043998414,      -9.688511173
          0,           0,         435,      -7.653909715,      -6.980146655,      -8.426639717,      -8.940133264,      -7.045554289,      -9.689522026
          0,           0,         436,      -7.655499159,      -6.981746728,      -8.428992488,      -8.942203752,       -7.04711115,      -9.690535064
          0,           0,         437,      -7.657089586,      -6.983347592,      -8.431341415,       -8.94427167,      -7.048668996,      -9.691550279
          0,           0,         438,      -7.658680998,      -6.984949251,        -8.4336865,       -8.94633682,       -7.05022783,      -9.692567669
          0,           0,         439,      -7.660273395,      -6.986551705,      -8.436027747,      -8.948399154,      -7.051787651,      -9.693587228
          0,           0,         440,      -7.661866775,      -6.988154953,      -8.438365157,      -8.950458702,      -7.053348458,      -9.694608945
          0,           0,         441,      -7.663461137,      -6.989758995,      -8.440698737,      -8.952515497,       -7.05491025,      -9.695632815
          0,           0,         442,       -7.66505648,      -6.991363832,      -8.443028492,      -8.954569561,      -7.056473024,      -9.696658829
          0,           0,         443,      -7.666652802,      -6.992969465,      -8.445354426,      -8.956620913,      -7.058036779,      -9.697686981
          0,           0,         444,      -7.668250102,      -6.994575893,      -8.447676546,      -8.958669573,      -7.059601513,      -9.698717263
          0,           0,         445,      -7.669848375,      -6.996183117,      -8.449994856,      -8.960715562,      -7.061167223,      -9.699749669
