"Time_Iter","Inner_Iter",    "rms[Rho]"    ,    "rms[RhoU]"   ,    "rms[RhoV]"   ,    "rms[RhoE]"   ,     "rms[nu]"    ,    "RefForce"    ,       "CD"       ,       "CL"       ,       "CSF"      ,       "CMx"      ,       "CMy"      ,       "CMz"      ,       "CFx"      ,       "CFy"      ,       "CFz"      ,      "CEff"      ,     "Buffet"     ,   "relrms[Rho]"  ,  "relrms[RhoU]"  ,  "relrms[RhoV]"  ,  "relrms[RhoE]"  ,   "relrms[nu]"   , "tavg[RefForce]" ,    "tavg[CD]"    ,    "tavg[CL]"    ,    "tavg[CSF]"   ,    "tavg[CMx]"   ,    "tavg[CMy]"   ,    "tavg[CMz]"   ,    "tavg[CFx]"   ,    "tavg[CFy]"   ,    "tavg[CFz]"   ,   "tavg[CEff]"   ,  "tavg[Buffet]"  ,"Cauchy[tavg[CD]]","Cauchy[tavg[CL]]"
        499,           9,      -8.215453549,       -4.72440757,      -5.373306505,      -2.619670734,      -4.247731941,      0.9329898399,      0.3022201835,      0.6173157799,                 0,                 0,                 0,     0.01618327837,      0.1085289319,      0.6787026465,                 0,       2.042602757,      0.8660080298,      -2.915629412,      -2.159660668,      -2.950892093,      -2.810174213,       -3.18818664,                 0,                 0,                 0,                 0,                 0,                 0,                 0,                 0,                 0,                 0,                 0,                 0,                 0,                 0
        500,           9,      -8.196461835,      -4.726073051,      -5.169000682,      -2.577741687,      -4.315760811,      0.9329898399,      0.3039780487,      0.6307959619,                 0,                 0,                 0,     0.02091986874,       0.106268763,      0.6921077587,                 0,       2.075136558,      0.8660080298,      -2.895814951,      -2.159916964,      -2.746280379,      -2.767776347,      -3.255149334,                 0,                 0,                 0,                 0,                 0,                 0,                 0,                 0,                 0,                 0,                 0,                 0,                 1,                 1
        501,           9,      -8.218860127,       -4.73705405,       -5.01329513,      -2.564486433,      -4.304074233,      0.9329898399,       0.305525626,      0.6431901707,                 0,                 0,                 0,     0.02723559604,      0.1041250025,      0.7044128673,                 0,        2.10519222,      0.8740035312,      -2.917243985,      -2.169782043,      -2.589579478,      -2.754065982,      -3.241616265,                 0,                 0,                 0,                 0,                 0,                 0,                 0,                 0,                 0,                 0,                 0,                 0,                 1,                 1
        502,           9,      -8.256852261,      -4.805493044,      -5.288643014,       -2.61310186,      -4.286854897,      0.9329898399,      0.3084591453,      0.6632768644,                 0,                 0,                 0,     0.03436862148,      0.1010575601,      0.7244795461,                 0,       2.150290807,      0.8740035312,      -2.954964567,      -2.237741736,      -2.863204398,      -2.802636957,      -3.223951675,      0.8293243022,      0.2715783342,      0.5717245962,                 0,                 0,                 0,      0.0242094187,     0.09255555778,       0.626144771,                 0,       1.871281973,      0.7768920278,                 1,                 1
        503,           9,      -8.280233001,      -4.849327143,      -5.450158092,      -2.674343408,       -4.28675505,      0.9329898399,      0.3113150232,      0.6824566016,                 0,                 0,                 0,     0.04312858795,     0.09818103729,      0.7436561978,                 0,       2.192173685,      0.8908446192,      -2.978624866,      -2.281264068,      -3.022231946,      -2.864026283,      -3.224121698,      0.6997423799,      0.2302442892,      0.4899251382,                 0,                 0,                 0,     0.02310158157,     0.07694346097,      0.5358346551,                 0,       1.595806135,      0.6555026484,                 1,                 1
        504,           9,      -8.281289882,      -4.786921034,      -5.648722484,      -2.684021665,      -4.311073827,      0.9329898399,      0.3157369485,      0.7076959809,                 0,                 0,                 0,     0.05283233767,     0.09503046513,      0.7690855822,                 0,       2.241410086,       0.834987534,      -2.979809815,      -2.218254081,      -3.218018428,      -2.873626313,      -3.247529979,      0.7463918719,       0.246756964,       0.530500564,                 0,                 0,                 0,     0.02771182265,     0.08087150402,      0.5794649666,                 0,       1.719803884,      0.7014483034,                 1,                 1
        505,           9,       -8.29072142,      -4.755121035,      -5.295374322,      -2.684925034,      -4.298707514,      0.9329898399,      0.3203948405,      0.7332109879,                 0,                 0,                 0,     0.06361161986,     0.09202496332,      0.7948475405,                 0,       2.288460659,      0.8106832246,      -2.988643124,       -2.18533913,      -2.862343088,      -2.874050563,       -3.23431107,      0.7774915333,       0.258318198,      0.5609956318,                 0,                 0,                 0,       0.032426883,     0.08301167214,      0.6120077227,                 0,       1.809579719,       0.732390131,                 1,                 1
        506,           9,      -8.293758888,      -4.779220013,      -5.136779004,      -2.671414018,      -4.327361432,      0.9329898399,      0.3261297613,      0.7630392521,                 0,                 0,                 0,      0.0747747435,     0.08878835493,        0.82504918,                 0,       2.339679914,      0.7838456792,      -2.990421781,      -2.208161294,      -2.702145417,      -2.859904879,      -3.261794716,      0.7997055771,      0.2672553734,      0.5865348189,                 0,                 0,                 0,     0.03727888703,     0.08409139975,      0.6390439459,                 0,        1.88080333,      0.7456933393,                 1,                 1
        507,           9,      -8.299095204,      -4.824780238,      -5.239850408,      -2.660203184,      -4.313933071,      0.9329898399,      0.3318354059,      0.7915445796,                 0,                 0,                 0,     0.08645614261,     0.08591053882,      0.8539771293,                 0,       2.385352995,      0.7941952521,      -2.994518842,      -2.252681607,      -2.804073495,      -2.848310915,      -3.246028381,      0.8163661099,      0.2746140537,      0.6091707112,                 0,                 0,                 0,     0.04230586727,     0.08451044635,      0.6628422274,                 0,       1.940469871,      0.7491239489,                 1,                 1
        508,           9,      -8.292949732,      -4.882464758,      -5.291349577,      -2.662806019,      -4.294626855,      0.9329898399,      0.3380593798,       0.822751393,                 0,                 0,                 0,     0.09754392524,     0.08273856536,      0.8856400673,                 0,       2.433748158,       0.772069323,      -2.987936887,      -2.309720945,      -2.854189964,       -2.85103816,      -3.225886114,      0.8293243022,      0.2809741545,      0.6300547046,                 0,                 0,                 0,     0.04750293971,     0.08448675217,      0.6846732031,                 0,       1.992471431,      0.7481128664,                 1,                 1
        509,           9,      -8.280092482,        -4.9390203,      -5.213639982,      -2.677955146,      -4.281692969,      0.9329898399,       0.343627674,      0.8509600063,                 0,                 0,                 0,      0.1085315626,     0.07981615126,        0.91424411,                 0,       2.476401264,      0.7850787496,      -2.975649445,      -2.365932144,      -2.774330569,        -2.8666905,      -3.213531436,      0.8396908559,      0.2866729561,      0.6498212604,                 0,                 0,                 0,     0.05284853462,     0.08415736169,      0.7052422227,                 0,        2.03903517,      0.7459318014,                 1,                 1
        510,           9,      -8.277214262,      -5.028348266,      -5.264202402,        -2.7145427,      -4.356367591,      0.9329898399,      0.3490519876,      0.8778646432,                 0,                 0,                 0,      0.1185034091,     0.07713729359,       0.941559058,                 0,       2.514996832,      0.7534945285,      -2.973747337,      -2.454918475,      -2.822145545,      -2.903699193,      -3.289530306,      0.8481725818,       0.291911077,      0.6688266568,                 0,                 0,                 0,     0.05830469637,     0.08360996148,       0.724948652,                 0,       2.081524737,      0.7438931032,      0.0374579167,     0.08324255728
        511,           9,      -8.270216451,      -5.040545803,      -5.225973242,      -2.719992164,      -4.373741296,      0.9329898399,      0.3541886262,      0.9021948369,                 0,                 0,                 0,      0.1271366857,     0.07493602533,      0.9663279458,                 0,       2.547215721,      0.7951289443,      -2.967329524,      -2.466646668,      -2.781365208,      -2.909129866,      -3.307860874,      0.8552406866,      0.2968066517,      0.6872619065,                 0,                 0,                 0,     0.06382605568,     0.08290167738,      0.7440096965,                 0,       2.120822045,      0.7423272835,     0.03794747416,     0.08508608226
        512,           9,      -8.263151009,      -5.016921801,      -5.392649066,      -2.712256442,      -4.402778842,      0.9329898399,      0.3583405377,      0.9216257823,                 0,                 0,                 0,      0.1333073705,     0.07322545938,      0.9861237527,                 0,       2.571927218,      0.7561136982,      -2.960102389,      -2.442453117,       -2.94619133,      -2.900983132,      -3.337408258,      0.8612213907,      0.3014267415,      0.7051989924,                 0,                 0,                 0,     0.06936605923,     0.08207559487,      0.7625138006,                 0,       2.157471084,      0.7411428977,     0.01125164972,     0.02970733123
        513,           9,      -8.254364735,      -5.067777101,       -5.37635503,      -2.715711413,      -4.410462804,      0.9329898399,       0.361414313,      0.9353794668,                 0,                 0,                 0,      0.1369748222,     0.07214373712,       1.000175152,                 0,       2.588108531,      0.7561136982,       -2.95070159,      -2.492832026,      -2.928955598,      -2.903979012,      -3.345012794,      0.8663477085,      0.3058110601,      0.7226420198,                 0,                 0,                 0,     0.07487463282,     0.08116849194,      0.7804765013,                 0,       2.191790744,      0.7403035823,    0.007556677085,     0.02327168816
        514,           9,       -8.24903166,      -5.139643538,      -5.428636648,      -2.714075194,      -4.468519523,      0.9329898399,      0.3633279382,      0.9426651079,                 0,                 0,                 0,      0.1377082269,     0.07184363067,       1.007701935,                 0,       2.594529649,      0.7540789029,      -2.944857162,      -2.564504068,      -2.980885506,      -2.902156846,      -3.402225203,      0.8707905173,      0.3099821424,      0.7395511447,                 0,                 0,                 0,     0.08029434671,     0.08021356813,      0.7978662844,                 0,       2.223951676,      0.7398053729,    0.006322517836,     0.02090505807
        515,           9,      -8.251742207,      -5.199387276,      -5.567132372,      -2.710833633,      -4.497842796,      0.9329898399,      0.3639099809,      0.9426906557,                 0,                 0,                 0,      0.1353390624,     0.07239277146,       1.007896539,                 0,       2.590450125,      0.7588896648,      -2.947621583,       -2.62432914,      -3.119157431,      -2.899143652,      -3.431125299,      0.8746779749,      0.3139488406,      0.7558515594,                 0,                 0,                 0,     0.08555965424,      0.0792411605,      0.8146141987,                 0,       2.254026665,      0.7395151656,    0.005563064258,     0.01948559276
        516,           9,      -8.252355129,       -5.23523329,      -5.721820211,      -2.706104583,      -4.555833053,      0.9329898399,      0.3631012021,      0.9351986634,                 0,                 0,                 0,      0.1297830748,     0.07380977897,       1.000495447,                 0,       2.575586801,      0.7518539233,      -2.948919583,      -2.660304382,      -3.273361409,      -2.894963716,      -3.489868264,      0.8781080846,      0.3177093788,      0.7714418432,                 0,                 0,                 0,     0.09059970421,     0.07827922319,      0.8306227363,                 0,       2.282023359,      0.7392810762,    0.005045400544,     0.01849070243
        517,           9,      -8.255843518,      -5.366549649,      -5.864716292,      -2.726445135,      -4.581903475,      0.9329898399,       0.360876462,       0.920267691,                 0,                 0,                 0,      0.1212800437,      0.0760476433,      0.9855664361,                 0,       2.550090649,      0.7522842683,      -2.953268843,       -2.79165049,      -3.415487718,      -2.915796758,      -3.517453299,       0.881157071,      0.3212545641,          0.786203,                 0,                 0,                 0,     0.09534200708,     0.07735375616,      0.8457754126,                 0,       2.307905981,      0.7390143164,    0.004664051035,     0.01770322887
        518,           9,       -8.25675333,      -5.489477325,      -5.690029996,      -2.745304805,      -4.704141419,      0.9329898399,      0.3572934105,      0.8984548208,                 0,                 0,                 0,      0.1103352545,     0.07899862015,      0.9636591016,                 0,       2.514613464,      0.7445577069,      -2.954605316,      -2.914698589,      -3.240392988,      -2.934689319,       -3.64135273,      0.8838851115,      0.3245705783,      0.8000070103,                 0,                 0,                 0,     0.09971573041,     0.07648897431,       0.859945762,                 0,       2.331611057,       0.738688085,    0.004359642384,     0.01699523057
        519,           9,      -8.265425175,      -5.466596605,      -5.576081416,      -2.761168175,      -4.728694654,      0.9329898399,       0.352593004,      0.8710069998,                 0,                 0,                 0,     0.09781300858,     0.08252856532,      0.9360363541,                 0,       2.470290079,      0.7384983115,      -2.962990827,      -2.892401163,       -3.12703145,      -2.950129867,      -3.667350477,      0.8863403479,      0.3276411879,      0.8127245136,                 0,                 0,                 0,      0.1036545041,     0.07570717473,      0.8730053303,                 0,       2.353059888,      0.7383069226,    0.004096823179,     0.01629032533
        520,           9,      -8.277091348,      -5.416703378,      -5.326466152,      -2.776876437,      -4.678765673,      0.9329898399,      0.3469964774,      0.8394341314,                 0,                 0,                 0,       0.084309689,     0.08640759364,      0.9042068038,                 0,       2.419143092,      0.7264704054,      -2.973913622,       -2.84360006,       -2.87881614,      -2.965270915,      -3.618084289,      0.8885617523,      0.3304494551,      0.8242316069,                 0,                 0,                 0,      0.1070989922,     0.07502838549,      0.8848306761,                 0,       2.372168982,      0.7378824083,    0.003853837803,     0.01554049501
        521,           9,      -8.271965405,      -5.177315854,       -5.21075793,      -2.762688311,      -4.614379539,      0.9329898399,      0.3411888111,      0.8060473243,                 0,                 0,                 0,     0.07142427603,     0.09061505248,      0.8705808441,                 0,        2.36246705,      0.7282051395,      -2.968172075,      -2.605614314,      -2.765259211,      -2.950764109,      -3.553885296,      0.8905812108,      0.3329791537,      0.8344159815,                 0,                 0,                 0,      0.1099993833,     0.07446992537,      0.8953096543,                 0,       2.388858936,      0.7374181763,    0.003617250203,     0.01471540749
        522,           9,      -8.292189429,      -5.154166931,      -5.025185724,      -2.781895736,        -4.5731472,      0.9329898399,      0.3349128771,      0.7714949644,                 0,                 0,                 0,     0.05885459132,      0.0947154793,      0.8357033525,                 0,       2.303569128,      0.7178555665,       -2.98845305,      -2.584075737,      -2.582332773,      -2.970153106,      -3.512142833,      0.8924250643,      0.3352160126,      0.8431824703,                 0,                 0,                 0,      0.1123175888,     0.07404597087,      0.9043470836,                 0,       2.403062133,      0.7369047219,     0.00337892711,     0.01379834779
        523,           9,       -8.29110885,      -4.994297932,      -5.041934948,      -2.765420031,      -4.535134855,      0.9329898399,      0.3291589027,      0.7386429449,                 0,                 0,                 0,     0.04820952109,     0.09881792713,      0.8026045106,                 0,       2.244031496,      0.7113094129,      -2.988270911,      -2.425791743,      -2.601652113,      -2.954326387,      -3.474085846,      0.8941152633,      0.3371488944,      0.8504579366,                 0,                 0,                 0,      0.1140290826,     0.07376725443,      0.9118697665,                 0,       2.414729096,      0.7363246207,     0.00313378343,     0.01278159168
        524,           9,      -8.304813917,       -4.84881359,      -4.959379296,      -2.730461527,      -4.505152363,      0.9329898399,      0.3234173456,      0.7073688925,                 0,                 0,                 0,     0.03837129424,      0.1024708968,      0.7710183168,                 0,       2.187170546,      0.6980055428,      -3.003442167,      -2.281366055,      -2.521146916,      -2.920215418,      -3.444314331,      0.8956702463,      0.3387707266,      0.8561949025,                 0,                 0,                 0,      0.1151239838,     0.07364089377,      0.9178302321,                 0,       2.423833552,      0.7356595046,    0.002878858415,     0.01166437578
        525,           9,      -8.277976125,      -4.814376437,      -5.086480149,        -2.6769198,      -4.450535928,      0.9329898399,      0.3188341618,      0.6804930638,                 0,                 0,                 0,     0.03100579583,      0.1059457082,      0.7439768407,                 0,       2.134316661,      0.6510247726,      -2.978034309,      -2.247154779,      -2.649719768,       -2.86726049,      -3.389594289,      0.8971056153,       0.340079123,      0.8603736804,                 0,                 0,                 0,      0.1156072079,     0.07367036312,      0.9222089554,                 0,       2.430376253,      0.7348926282,     0.00261302824,     0.01045221211
        526,           9,      -8.211757515,      -4.749168221,      -5.083015763,      -2.598986731,      -4.424432589,      0.9329898399,      0.3146010559,      0.6568120232,                 0,                 0,                 0,      0.0245782826,      0.1088212351,      0.7200929086,                 0,       2.087761661,      0.6734944671,      -2.912336967,      -2.181415835,      -2.647411761,      -2.789146347,      -3.363315893,      0.8984346607,       0.341076664,      0.8630029266,                 0,                 0,                 0,       0.115497635,     0.07385559911,      0.9250149688,                 0,        2.43438749,      0.7340080552,    0.002336728518,    0.009156108339
        527,           9,      -8.223156304,      -4.718630166,       -5.28055452,      -2.615441604,      -4.368277556,      0.9329898399,      0.3112908344,      0.6376382363,                 0,                 0,                 0,     0.01985630092,      0.1112615272,      0.7007891099,                 0,       2.048368169,      0.6546783609,       -2.92296368,      -2.150285557,      -2.846293451,      -2.804705428,      -3.307783408,      0.8996687742,      0.3417708864,       0.864118787,                 0,                 0,                 0,      0.1148264937,     0.07419324129,      0.9262850424,                 0,       2.435928279,      0.7329836298,    0.002051632232,    0.007791578703
        528,           9,      -8.235912364,      -4.679342654,      -5.259477362,      -2.633666892,      -4.335751942,      0.9329898399,      0.3084188656,      0.6224147175,                 0,                 0,                 0,     0.01591081821,       0.112965976,      0.6853911041,                 0,       2.018082507,      0.6546783609,      -2.934066747,      -2.111128585,       -2.82676419,       -2.82174775,      -3.276294403,      0.9008177765,      0.3421740173,      0.8637828176,                 0,                 0,                 0,      0.1136352152,     0.07467698523,      0.9260816174,                 0,       2.435090161,      0.7317919379,    0.001760343901,    0.006444774606
        529,           9,      -8.225548007,      -4.673396363,       -5.29346731,      -2.605156334,      -4.308032333,      0.9329898399,      0.3062643341,      0.6115556557,                 0,                 0,                 0,     0.01313347484,      0.1140804697,      0.6743766075,                 0,       1.996822965,       0.693693607,      -2.921916822,      -2.106290257,       -2.86238452,      -2.792145333,      -3.249006397,      0.9018901786,      0.3423024419,      0.8620788331,                 0,                 0,                 0,      0.1119729408,     0.07529799512,      0.9244896365,                 0,       2.431993731,      0.7304077445,    0.001466125397,     0.00534342273
        530,           9,      -8.178415648,       -4.65217784,      -5.242748715,      -2.525741762,      -4.292829332,      0.9329898399,      0.3052191586,      0.6064419181,                 0,                 0,                 0,     0.01178155526,      0.1145760756,      0.6691807362,                 0,       1.986906461,      0.6679733144,      -2.873568809,      -2.086856616,      -2.812988332,      -2.712093597,      -3.232730425,      0.9028933935,      0.3421759766,      0.8591090491,                 0,                 0,                 0,      0.1098939425,     0.07604533657,      0.9216126431,                 0,       2.426786108,      0.7288131329,    0.001197945213,    0.004489691807
        531,           9,       -8.19249851,      -4.667989997,      -5.370696254,        -2.5300018,      -4.290695188,      0.9329898399,       0.304358943,      0.6038406758,                 0,                 0,                 0,     0.01178413172,       0.114513977,      0.6664416532,                 0,       1.983975466,      0.7062671721,      -2.887249933,      -2.104185473,      -2.941649145,      -2.716238983,      -3.230170046,      0.9038339074,      0.3418170325,      0.8549898935,                 0,                 0,                 0,      0.1074551731,     0.07690640122,      0.9175685299,                 0,       2.419637637,      0.7270042882,   0.0009808697521,    0.003883169906
        532,           9,      -8.202732382,      -4.663452001,      -5.363590895,      -2.564387815,      -4.309342957,      0.9329898399,      0.3038172922,      0.6052079314,                 0,                 0,                 0,     0.01274232821,      0.1135962468,      0.6675908028,                 0,       1.992012788,      0.7754251254,      -2.897543846,      -2.099960792,      -2.934616053,      -2.750779903,      -3.248127254,      0.9047174205,      0.3412498058,      0.8498479373,                 0,                 0,                 0,      0.1047141746,     0.07786732205,      0.9124854118,                 0,       2.410738118,      0.7249937137,   0.0008139065402,    0.003520716634
        533,           9,      -8.208700061,      -4.664638333,      -5.480710708,      -2.598775038,      -4.296021382,      0.9329898399,      0.3038478299,       0.609874786,                 0,                 0,                 0,     0.01501897254,       0.112260994,      0.6720626664,                 0,       2.007171768,      0.8660080298,      -2.903414996,      -2.100099572,       -3.05133224,      -2.785210632,      -3.233340382,      0.9055489623,      0.3404995217,       0.843816062,                 0,                 0,                 0,      0.1017274504,     0.07891337149,      0.9064977389,                 0,       2.400292623,      0.7228092522,    0.000695646769,    0.003396357538
        534,           9,      -8.201474726,      -4.638899624,      -5.462664136,      -2.563106024,      -4.244674535,      0.9329898399,      0.3041721382,      0.6177385565,                 0,                 0,                 0,     0.01864665227,      0.1102719875,      0.6796776461,                 0,       2.030884749,      0.8660080298,      -2.895710345,      -2.072446581,      -3.032642114,       -2.74931542,      -3.180304274,      0.9063329874,      0.3395917196,      0.8370298983,                 0,                 0,                 0,     0.09854926756,      0.0800293183,      0.8997426826,                 0,       2.388517064,       0.720496464,   0.0006242437583,    0.003501277319
        535,           9,      -8.211717928,      -4.677492828,      -5.266057826,      -2.547481927,      -4.293375542,      0.9329898399,      0.3051221919,      0.6290541651,                 0,                 0,                 0,     0.02361046631,      0.1078721646,      0.6907765852,                 0,       2.061646717,      0.8660080298,      -2.905470034,      -2.108928556,      -2.834710096,      -2.733422723,      -3.227023572,      0.9070734555,      0.3385516212,      0.8296246907,                 0,                 0,                 0,     0.09523083679,     0.08119974038,      0.8923569521,                 0,        2.37563379,       0.718122264,   0.0005974139534,    0.003823920282
        536,           9,      -8.244390479,      -4.730200324,      -5.214857564,      -2.571261035,      -4.300330773,      0.9329898399,      0.3068062295,      0.6438872121,                 0,                 0,                 0,     0.02978584215,      0.1051458546,      0.7054538636,                 0,       2.098677113,      0.8740035312,      -2.938138916,      -2.159832409,      -2.781510688,      -2.757160165,      -3.233450771,      0.9077738983,      0.3374036137,      0.8217326646,                 0,                 0,                 0,     0.09181981954,      0.0824093005,       0.884474125,                 0,       2.361867347,      0.7157728423,    0.000612460605,    0.004350198278
        537,           9,      -8.269601336,      -4.811977459,      -5.305582058,      -2.642437449,       -4.29245733,      0.9329898399,      0.3090119141,      0.6614947064,                 0,                 0,                 0,     0.03727150397,      0.1021072281,      0.7229368739,                 0,        2.14067703,      0.8740035312,      -2.963676299,      -2.239958418,       -2.86940193,      -2.828385927,      -3.225512356,      0.9084374757,       0.336170863,      0.8134809432,                 0,                 0,                 0,     0.08836009933,     0.08364298497,      0.8762225432,                 0,       2.347440598,      0.7135447859,   0.0006663134372,    0.005063784379
        538,           9,      -8.281484288,      -4.792592788,      -5.643227161,      -2.676996134,      -4.317721087,      0.9329898399,      0.3122055913,       0.682453941,                 0,                 0,                 0,     0.04606461399,     0.09903346967,      0.7439140304,                 0,       2.185911976,      0.8199868825,      -2.975672199,      -2.218830675,      -3.204042232,      -2.862815461,      -3.250103551,      0.9090670235,      0.3348750649,      0.8049900208,                 0,                 0,                 0,     0.08489174484,     0.08488631259,       0.867723779,                 0,       2.332571278,      0.7115348515,   0.0007555801495,    0.005879279683
        539,           9,      -8.295085014,      -4.753431546,       -5.51495491,      -2.687227954,      -4.332102813,      0.9329898399,      0.3164136354,       0.707065837,                 0,                 0,                 0,     0.05586458806,     0.09586182031,      0.7686808166,                 0,       2.234625053,      0.7973793545,      -2.988708552,      -2.177765305,      -3.073158299,      -2.872605391,      -3.263421559,      0.9096650939,      0.3335363185,      0.7963727296,                 0,                 0,                 0,     0.08145110429,     0.08612551515,      0.8590916109,                 0,       2.317469034,      0.7098311521,   0.0008766123357,    0.006570610346
        540,           9,      -8.298998936,      -4.761410239,      -5.225310506,      -2.675549361,      -4.363909301,      0.9329898399,      0.3211702491,      0.7335089216,                 0,                 0,                 0,     0.06664506507,     0.09267938287,      0.7953591635,                 0,       2.283863227,      0.8106832246,      -2.991393826,      -2.183898179,      -2.781556867,      -2.860328578,       -3.29435245,      0.9102339902,      0.3321731002,      0.7877336258,                 0,                 0,                 0,     0.07807098616,     0.08734769244,      0.8504314284,                 0,       2.302332904,      0.7085054419,    0.001000287642,    0.007137542324
        541,           9,      -8.307685534,      -4.792755802,      -5.281643024,      -2.655069228,      -4.344646749,      0.9329898399,      0.3268947914,      0.7630377486,                 0,                 0,                 0,     0.07767737893,     0.08952039635,      0.8252714154,                 0,       2.334199775,      0.7838456792,      -2.998733063,      -2.213759001,        -2.8363813,      -2.839414644,      -3.273198389,      0.9107757961,      0.3308023229,      0.7791687368,                 0,                 0,                 0,     0.07478088447,     0.08854094286,      0.8418400077,                 0,       2.287349276,      0.7076075935,    0.001101470963,    0.007582115669
        542,           9,      -8.304053188,      -4.857516433,      -5.351570051,      -2.654572859,      -4.340830454,      0.9329898399,      0.3326374004,      0.7925972731,                 0,                 0,                 0,     0.08903857485,     0.08636971209,      0.8552183056,                 0,       2.382766557,      0.7641136973,      -2.994341237,      -2.277447127,      -2.904619315,      -2.838888233,      -3.268722688,      0.9112924018,       0.329439446,      0.7707655685,                 0,                 0,                 0,     0.07160721489,     0.08969446582,      0.8334055513,                 0,       2.272690273,      0.7071641768,    0.001181035977,    0.007908236881
        543,           9,      -8.287743364,      -4.919021824,      -5.225802625,      -2.665954361,      -4.312550549,      0.9329898399,      0.3383539952,      0.8221475364,                 0,                 0,                 0,      0.1003622789,      0.0831968581,      0.8851487335,                 0,       2.429844329,      0.7790193542,      -2.978195791,      -2.338215806,      -2.776605542,      -2.850623934,      -3.241227153,      0.9117855254,      0.3280986059,      0.7626032869,                 0,                 0,                 0,     0.06857353176,     0.09079863421,      0.8252078989,                 0,       2.258512542,      0.7071798354,    0.001240091582,    0.008121277507
        544,           9,      -8.283251909,      -5.013407403,      -5.226335842,      -2.703635552,      -4.350344495,      0.9329898399,      0.3441083328,      0.8509704629,                 0,                 0,                 0,      0.1111982834,     0.08027275035,      0.9143946407,                 0,       2.472972555,      0.7534945285,      -2.974439926,      -2.431901524,      -2.774425522,      -2.888727755,      -3.280196492,      0.9122567324,      0.3267927407,      0.7547529842,                 0,                 0,                 0,     0.06570070845,      0.0918450355,      0.8173188191,                 0,       2.244956418,      0.7076398738,    0.001279897892,    0.008227691406
        545,           9,      -8.279287575,      -5.060970129,      -5.255985203,      -2.722280142,      -4.389824195,      0.9329898399,      0.3496491666,      0.8778330687,                 0,                 0,                 0,      0.1209128267,     0.07771761017,      0.9417034614,                 0,       2.510611071,      0.7880932029,      -2.971091457,      -2.478666479,      -2.801652256,      -2.907535128,      -3.320800919,      0.9127074521,      0.3255336827,      0.7472779475,                 0,                 0,                 0,     0.06300707846,     0.09282648156,       0.809802293,                 0,       2.232145405,      0.7085140558,    0.001301793852,    0.008234674325
        546,           9,      -8.275700465,      -5.032908634,      -5.320712228,      -2.720702617,      -4.415219459,      0.9329898399,      0.3545122774,      0.9011798309,                 0,                 0,                 0,      0.1288366924,     0.07554229346,      0.9654519171,                 0,       2.542027141,      0.7561136982,      -2.967577971,      -2.449725162,      -2.864654615,      -2.905805072,      -3.346776879,      0.9131389923,      0.3243322139,       0.740233896,                 0,                 0,                 0,     0.06050853665,     0.09373699263,      0.8027147576,                 0,        2.22018595,       0.709760771,    0.001307139978,    0.008149876861
        547,           9,      -8.262971766,       -5.04814028,      -5.352175333,      -2.712343103,      -4.411259631,      0.9329898399,      0.3583538886,      0.9192679754,                 0,                 0,                 0,      0.1344012559,     0.07392758292,      0.9838728742,                 0,       2.565251849,      0.7561136982,      -2.954507124,      -2.464209693,      -2.895256068,      -2.897191967,      -3.343162395,      0.9135525516,      0.3231980905,      0.7336691715,                 0,                 0,                 0,     0.05821859924,     0.09457176474,      0.7961052947,                 0,       2.209167435,      0.7113312243,    0.001297277243,     0.00798117717
        548,           9,      -8.251317196,       -5.12565139,      -5.351699514,      -2.708753805,      -4.447276857,      0.9329898399,       0.361072203,      0.9313558365,                 0,                 0,                 0,      0.1371626762,     0.07299297131,      0.9962273115,                 0,       2.579417161,      0.7923727606,      -2.942553291,      -2.541374594,      -2.894502502,      -2.893517651,      -3.378700297,       0.913949231,      0.3221400373,      0.7276248686,                 0,                 0,                 0,     0.05614842134,     0.09532712656,      0.7900157543,                 0,        2.19916235,      0.7131731068,    0.001273502761,    0.007736515222
        549,           9,      -8.250752331,      -5.169781947,      -5.458507582,      -2.700795518,      -4.476298898,      0.9329898399,      0.3624999728,      0.9364238783,                 0,                 0,                 0,      0.1368117122,     0.07287660236,       1.001491343,                 0,       2.583238479,      0.7540789029,      -2.942143065,      -2.585613436,      -3.001140135,      -2.885769227,      -3.407950064,      0.9143300431,      0.3211657159,       0.722134897,                 0,                 0,                 0,     0.05430677459,     0.09600049068,      0.7844808043,                 0,       2.190226617,      0.7152333289,    0.001237060264,    0.007423783262
        550,           9,      -8.252015663,      -5.193131725,      -5.623950143,      -2.694130484,      -4.536227109,      0.9329898399,      0.3625599407,      0.9339792964,                 0,                 0,                 0,      0.1331375638,      0.0736486765,      0.9991711111,                 0,       2.576068649,      0.7588896648,      -2.944126429,      -2.609328728,       -3.16618765,      -2.879567107,      -3.469233359,      0.9146959215,      0.3202816719,      0.7172259811,                 0,                 0,                 0,     0.05269999288,     0.09659030333,      0.7795279152,                 0,       2.182400024,      0.7174604667,    0.001189142826,    0.007050764475
        551,           9,      -8.251816242,      -5.253315404,      -5.775642034,      -2.701672704,      -4.562016008,      0.9329898399,      0.3611839387,      0.9237687456,                 0,                 0,                 0,      0.1262564577,     0.07531807542,      0.9890044087,                 0,       2.557613024,      0.7522842683,      -2.944848974,      -2.669860835,      -3.317187976,      -2.887554291,      -3.496762045,      0.9150477276,      0.3194932712,       0.712917618,                 0,                 0,                 0,     0.05133189878,     0.09709599542,       0.775177301,                 0,       2.175706752,      0.7198064695,    0.001130905176,     0.00662511188
        552,           9,       -8.25142183,      -5.408541218,      -5.866970541,      -2.728311268,      -4.653528767,      0.9329898399,      0.3583943052,      0.9060661166,                 0,                 0,                 0,      0.1165066474,     0.07782608342,      0.9712596905,                 0,       2.528126434,      0.7522842683,      -2.944997165,      -2.825516281,      -3.408023963,      -2.914253664,      -3.590090032,       0.915386258,      0.3188046338,       0.709222021,                 0,                 0,                 0,     0.05020372589,     0.09751793616,       0.771441846,                 0,       2.170155986,      0.7222275285,    0.001063481226,    0.006154354748
        553,           9,      -8.256044279,      -5.492387416,      -5.546065911,      -2.748178904,      -4.727080188,      0.9329898399,      0.3543480836,       0.881758575,                 0,                 0,                 0,      0.1045424434,     0.08106349991,      0.9468312721,                 0,       2.488396624,      0.7384983115,      -2.949439871,      -2.910103112,      -3.087582882,      -2.933716305,      -3.665384477,      0.9157122503,      0.3182185755,      0.7061440802,                 0,                 0,                 0,     0.04931405381,     0.09785738865,      0.7683270497,                 0,       2.165742597,      0.7246845495,     0.00098800304,    0.005645920669
        554,           9,      -8.271015209,       -5.43705552,      -5.455395455,      -2.769024985,      -4.711426905,      0.9329898399,      0.3493830303,      0.8524271231,                 0,                 0,                 0,      0.0914150242,     0.08489108244,      0.9173298241,                 0,       2.439806885,      0.7344260311,      -2.963653132,       -2.85602076,      -2.998303942,       -2.95395014,      -3.651107433,      0.9160263883,       0.317736564,       0.703681371,                 0,                 0,                 0,      0.0486587731,     0.09811646528,      0.7658310226,                 0,       2.162447896,        0.72714331,   0.0009056176703,    0.005107161325
        555,           9,      -8.276485781,      -5.345909287,      -5.259093342,      -2.776866299,       -4.64943864,      0.9329898399,      0.3436923962,      0.8196101888,                 0,                 0,                 0,     0.07770535176,     0.08904384492,      0.8842830534,                 0,       2.384720168,      0.7264704054,      -2.968291434,      -2.766525438,      -2.804207859,      -2.961330567,      -3.589817229,      0.9163293071,      0.3173586959,      0.7018242424,                 0,                 0,                 0,     0.04823109704,      0.0982980801,      0.7639445638,                 0,       2.160240478,      0.7295743477,   0.0008174986743,     0.00454537051
        556,           9,      -8.272585498,       -5.16066363,      -5.123367313,      -2.763226073,      -4.604090979,      0.9329898399,      0.3378584467,      0.7855302182,                 0,                 0,                 0,     0.06488790323,     0.09342883046,      0.8499865336,                 0,       2.325027614,      0.6838959559,      -2.964097472,      -2.583163907,      -2.671357368,        -2.9477033,      -3.544531555,      0.9166215971,       0.317083701,      0.7005560139,                 0,                 0,                 0,     0.04802163512,     0.09840589521,      0.7626513501,                 0,       2.159077149,      0.7319526614,   0.0007248512985,    0.003967788209
        557,           9,      -8.293899161,      -5.161279897,      -4.955942983,      -2.788403624,      -4.557806672,      0.9329898399,      0.3319256435,      0.7514427574,                 0,                 0,                 0,     0.05295423286,      0.0977214715,       0.815653949,                 0,       2.263888832,      0.7113094129,      -2.985980197,      -2.585760032,      -2.506982106,      -2.973418158,      -3.499149329,      0.9169038082,      0.3169089766,      0.6998533023,                 0,                 0,                 0,     0.04801853758,     0.09844425843,      0.7619282592,                 0,       2.158903962,      0.7342573151,   0.0006289113994,    0.003381586918
        558,           9,      -8.286649467,      -4.891299038,      -4.982256211,      -2.739821732,      -4.534816859,      0.9329898399,      0.3262170487,      0.7189807815,                 0,                 0,                 0,     0.04247704149,      0.1017532784,      0.7829413754,                 0,       2.203995114,      0.6980055428,      -2.980037129,      -2.317513443,      -2.536006349,      -2.925708899,      -3.477153858,      0.9171764528,      0.3168306558,      0.6996864917,                 0,                 0,                 0,     0.04820771489,     0.09841813057,      0.7617458387,                 0,       2.159657356,      0.7364708684,   0.0005309381582,    0.002793837686
        559,           9,      -8.308923982,      -4.821469384,      -5.042043089,      -2.718099762,      -4.471558455,      0.9329898399,      0.3209827626,      0.6893301664,                 0,                 0,                 0,      0.0334974612,      0.1054167066,      0.7530559941,                 0,       2.147561323,      0.6510247726,      -3.003833545,      -2.248741554,      -2.597878321,      -2.904786549,      -3.414723673,      0.9174400093,      0.3168437071,      0.7000203469,                 0,                 0,                 0,       0.048573128,     0.09833300187,      0.7620689218,                 0,       2.161265412,      0.7385788765,   0.0004348111529,    0.002278226045
        560,           9,      -8.259955999,       -4.75475525,      -5.032517406,      -2.639395787,      -4.427638895,      0.9329898399,      0.3168046798,      0.6643577898,                 0,                 0,                 0,     0.02671991916,      0.1087224025,      0.7279532384,                 0,       2.097058005,      0.6341836847,      -2.955836053,      -2.182298205,      -2.590067777,       -2.82629277,      -3.371691082,      0.9176949245,      0.3169420637,      0.7008147563,                 0,                 0,                 0,     0.04909713605,     0.09819479784,       0.762857376,                 0,       2.163649207,      0.7405695427,   0.0003562424055,    0.001866775393
        561,           9,      -8.213968688,      -4.724925488,      -5.047268655,      -2.597416123,      -4.384355516,      0.9329898399,      0.3128143373,       0.641821603,                 0,                 0,                 0,     0.02088303789,      0.1114953622,      0.7052351125,                 0,       2.051765302,      0.6546783609,      -2.909677942,      -2.152393355,      -2.606631608,      -2.783740082,      -3.328984778,      0.9179416167,      0.3171187749,      0.7020255823,                 0,                 0,                 0,     0.04976088462,      0.0980097764,        0.76406696,                 0,       2.166724265,      0.7424332546,   0.0002950734575,    0.001557021682
        562,           9,       -8.23208924,      -4.685299577,      -5.271735069,      -2.619058252,      -4.334470749,      0.9329898399,      0.3102003043,      0.6263862369,                 0,                 0,                 0,     0.01666513477,      0.1135084144,      0.6897099291,                 0,        2.01929601,      0.6248361958,      -2.926654402,      -2.113079815,      -2.833272586,      -2.804406181,      -3.280420697,      0.9181804774,      0.3173661783,      0.7036055911,                 0,                 0,                 0,     0.05054471631,      0.0977844196,      0.7656502637,                 0,       2.170402064,      0.7441620781,   0.0002509500582,    0.001345462868
        563,           9,      -8.228784514,      -4.647663515,      -5.085332581,      -2.616965427,      -4.279743534,      0.9329898399,      0.3072039751,      0.6107938514,                 0,                 0,                 0,     0.01356908573,      0.1152017829,      0.6739228149,                 0,       1.988235508,      0.6429419112,      -2.921802511,      -2.076530692,      -2.649200772,      -2.801291032,        -3.2267698,      0.9184118737,      0.3176760809,      0.7055054245,                 0,                 0,                 0,      0.0514285836,     0.09752532337,      0.7675576902,                 0,       2.174591581,      0.7457494416,   0.0002233344891,    0.001227652132
        564,           9,       -8.20603975,      -4.639021144,      -4.852899547,      -2.558918207,      -4.253396136,      0.9329898399,      0.3068283659,      0.6089390086,                 0,                 0,                 0,     0.01090569999,      0.1153848896,      0.6720392024,                 0,       1.984624227,      0.6381311492,      -2.897871785,      -2.069771578,      -2.419044618,      -2.742542398,       -3.20059081,      0.9186361501,      0.3180399444,      0.7076745794,                 0,                 0,                 0,     0.05239244511,     0.09723908821,      0.7697384467,                 0,       2.179200829,      0.7471899377,   0.0002115196866,    0.001198296695
        565,           9,       -8.15079268,      -4.623555116,      -4.525600435,      -2.490380086,      -4.268476834,      0.9329898399,      0.3039073498,      0.5954125245,                 0,                 0,                 0,     0.01115406592,      0.1165462692,      0.6582497389,                 0,       1.959190934,      0.7062671721,      -2.842259477,      -2.056447848,       -2.09351939,       -2.67382037,      -3.215159053,      0.9188536302,      0.3184490657,      0.7100623569,                 0,                 0,                 0,     0.05341663093,     0.09693221433,      0.7721415052,                 0,       2.184138353,      0.7484791986,   0.0002146450155,    0.001251361588
        566,           9,      -8.188115857,      -4.662230966,      -4.848513932,      -2.531997824,      -4.275100371,      0.9329898399,      0.3049778435,      0.6039342515,                 0,                 0,                 0,     0.01077337921,      0.1150784756,       0.666712089,                 0,       1.980256154,      0.7434450067,      -2.879991326,      -2.096502902,      -2.417455815,      -2.715683801,      -3.221723189,      0.9190646184,      0.3188947489,      0.7126187616,                 0,                 0,                 0,     0.05448216533,     0.09661100286,      0.7747165123,                 0,       2.189314661,      0.7496138814,   0.0002317138331,    0.001380179206
        567,           9,      -8.204799451,       -4.63856393,      -5.190776398,      -2.566002401,      -4.264414555,      0.9329898399,      0.3038025921,      0.6027657385,                 0,                 0,                 0,     0.01275446601,      0.1142962172,      0.6652510242,                 0,       1.984070427,      0.8450984991,      -2.897210182,      -2.072756004,      -2.760097755,      -2.749977647,      -3.210550945,      0.9192694011,      0.3193684598,      0.7152953117,                 0,                 0,                 0,     0.05557104308,     0.09628146737,      0.7774146095,                 0,        2.19464353,      0.7505918147,   0.0002616124879,    0.001577563057
        568,           9,      -8.208265345,      -4.634231826,      -5.462182004,      -2.583664284,      -4.269288916,      0.9329898399,      0.3040564241,      0.6106576679,                 0,                 0,                 0,     0.01552708535,      0.1122315811,      0.6728723272,                 0,       2.008369564,      0.8450984991,      -2.900641705,      -2.067079632,      -3.031539553,       -2.76758257,       -3.21412402,       0.919468248,      0.3198619631,      0.7180457513,                 0,                 0,                 0,     0.05666645654,     0.09594925621,      0.7801891544,                 0,       2.200043175,      0.7514123002,   0.0003031307374,    0.001835925959
        569,           9,      -8.193236918,      -4.632115154,      -5.201392863,      -2.544777394,      -4.245862209,      0.9329898399,      0.3044344023,      0.6191425256,                 0,                 0,                 0,     0.01996904316,      0.1101123111,      0.6810969471,                 0,       2.033746912,      0.8660080298,      -2.884942943,      -2.063068475,      -2.770532599,      -2.728276447,      -3.189596496,      0.9196614136,      0.3203674387,      0.7208266598,                 0,                 0,                 0,     0.05775297262,     0.09561958592,      0.7829963372,                 0,       2.205437281,       0.752076515,   0.0003523731526,     0.00208063129
        570,           9,      -8.216662125,      -4.672226578,      -5.194373442,      -2.539568551,      -4.288434784,      0.9329898399,      0.3061122696,       0.634143516,                 0,                 0,                 0,      0.0253904359,      0.1073309985,      0.6959330264,                 0,       2.071604372,      0.8551874251,       -2.90764923,      -2.101451856,      -2.762654319,      -2.722662367,      -3.230718701,       0.919849138,      0.3208775751,      0.7235979409,                 0,                 0,                 0,     0.05881666339,     0.09529718759,      0.7857956759,                 0,       2.210755843,      0.7525878479,   0.0003935511408,    0.002278318461
        571,           9,      -8.251232958,      -4.733327172,       -5.35405615,      -2.578735805,       -4.25880428,      0.9329898399,      0.3078860764,      0.6499774005,                 0,                 0,                 0,     0.03227672134,      0.1043979185,      0.7115936564,                 0,       2.111097092,      0.8740035312,      -2.941973322,      -2.161301492,      -2.920775056,      -2.761684337,      -3.201055527,      0.9200316477,      0.3213856415,      0.7263231972,                 0,                 0,                 0,     0.05984519377,     0.09498626615,      0.7885503957,                 0,       2.215935837,      0.7529520183,   0.0004266866611,    0.002429761488
        572,           9,      -8.271634731,      -4.833134104,      -5.692050369,      -2.665968101,      -4.277556146,      0.9329898399,      0.3106605209,      0.6703710698,                 0,                 0,                 0,     0.04037105413,      0.1010886012,      0.7319073884,                 0,       2.157889479,      0.8394048569,       -2.96247031,      -2.260016374,      -3.256628732,      -2.848889158,      -3.219716935,      0.9202091572,      0.3218855407,      0.7289699971,                 0,                 0,                 0,     0.06082787115,     0.09469047272,      0.7912276994,                 0,       2.220921707,      0.7531770019,   0.0004519362378,    0.002536440597
        573,           9,      -8.276840458,       -4.75941839,      -5.730186903,      -2.673769284,      -4.268848195,      0.9329898399,      0.3142417423,      0.6929512725,                 0,                 0,                 0,     0.04990857867,     0.09791152787,      0.7545479914,                 0,       2.205153483,      0.8199868825,      -2.967563833,      -2.185007027,      -3.292540572,      -2.856481857,       -3.21018683,      0.9203818691,      0.3223718444,      0.7315100434,                 0,                 0,                 0,     0.06175566125,      0.0944128896,      0.7937989392,                 0,       2.225665677,      0.7532728144,   0.0004695763514,    0.002600461886
        574,           9,      -8.290669757,      -4.723320647,      -5.387040872,      -2.671351015,      -4.326044381,      0.9329898399,       0.319161073,      0.7208318662,                 0,                 0,                 0,     0.05999616875,     0.09446441049,      0.7826486089,                 0,       2.258520625,      0.7973793545,       -2.98066598,      -2.147301262,       -2.94766233,      -2.853579909,      -3.266666109,      0.9205499754,      0.3228398142,      0.7339192517,                 0,                 0,                 0,     0.06262117562,     0.09415602695,      0.7962396977,                 0,         2.2301279,      0.7532511726,   0.0004799869791,    0.002624467225
        575,           9,      -8.289220906,      -4.752908089,      -5.082523783,      -2.657402186,      -4.325528975,      0.9329898399,      0.3239842868,      0.7476541767,                 0,                 0,                 0,     0.07119711944,      0.0912347881,      0.8097090832,                 0,       2.307686537,      0.7720917107,      -2.977977453,      -2.175286076,      -2.642006981,      -2.839071779,      -3.265282373,      0.9207136578,      0.3232854092,      0.7361777501,                 0,                 0,                 0,     0.06341863524,     0.09392183056,      0.7985297899,                 0,       2.234276446,      0.7531250483,   0.0004836343466,    0.002611539318
        576,           9,      -8.294475854,      -4.793955717,      -5.144499882,      -2.640228744,      -4.337209107,      0.9329898399,      0.3302193244,      0.7799945526,                 0,                 0,                 0,     0.08245622504,     0.08774197337,      0.8424592871,                 0,       2.362049993,      0.7941952521,      -2.982119617,      -2.215002805,      -2.703154301,      -2.821600075,      -3.275045488,      0.9208730888,      0.3237052847,      0.7382698139,                 0,                 0,                 0,     0.06414381434,      0.0937116993,      0.8006532001,                 0,       2.238087162,      0.7529081847,   0.0004810535853,    0.002565105227
        577,           9,      -8.283316275,      -4.861158179,      -5.170946823,      -2.646156908,      -4.290071626,      0.9329898399,      0.3357713191,       0.809061259,                 0,                 0,                 0,     0.09396214005,      0.0845530899,      0.8718791628,                 0,       2.409560355,      0.7641136973,        -2.9706453,      -2.281235614,      -2.728387858,      -2.827689991,      -3.227631398,      0.9210284317,      0.3240967815,      0.7401837422,                 0,                 0,                 0,     0.06479396759,     0.09352651098,      0.8025979615,                 0,       2.241543397,      0.7526146193,   0.0004728321629,     0.00248884305
        578,           9,      -8.270905087,      -4.924034151,        -5.1758762,      -2.666412622,      -4.289616214,      0.9329898399,      0.3415470942,      0.8392734714,                 0,                 0,                 0,      0.1052283441,     0.08124329501,      0.9024599184,                 0,       2.457270127,      0.7790193542,       -2.95884332,      -2.343395747,      -2.731433412,      -2.848439671,      -3.228070299,       0.921179842,      0.3244579076,      0.7419116884,                 0,                 0,                 0,     0.06536774371,     0.09336665502,      0.8043559876,                 0,       2.244635627,      0.7522582799,    0.000459594443,    0.002386593704
        579,           9,      -8.270440462,      -5.002207617,      -5.161630588,      -2.698261164,      -4.332821643,      0.9329898399,      0.3472319248,      0.8678345271,                 0,                 0,                 0,      0.1158121895,     0.07832928105,      0.9314350755,                 0,       2.499293599,      0.7880932029,      -2.959334679,      -2.420840964,      -2.714915766,      -2.880720189,      -3.272533406,      0.9213274669,       0.324787314,      0.7434494487,                 0,                 0,                 0,     0.06586508773,     0.09323207034,      0.8059228643,                 0,        2.24736099,      0.7518526535,   0.0004419875318,    0.002262278892
        580,           9,      -8.265711052,      -5.020241012,      -5.221763991,       -2.71078104,      -4.378993111,      0.9329898399,      0.3524896035,      0.8937269275,                 0,                 0,                 0,      0.1248912775,     0.07578701891,      0.9577332976,                 0,       2.535470319,      0.7951289443,       -2.95516304,      -2.438043892,      -2.773179097,      -2.893302934,      -3.319566445,      0.9214714468,      0.3250842628,      0.7447962168,                 0,                 0,                 0,     0.06628713416,     0.09312228707,      0.8072976044,                 0,        2.24972275,      0.7514105236,   0.0004206687778,    0.002119827586
        581,           9,      -8.262964713,      -4.997265198,      -5.353199713,      -2.708003093,      -4.389110468,      0.9329898399,      0.3570289528,      0.9154556278,                 0,                 0,                 0,      0.1319668295,     0.07377516307,      0.9798397343,                 0,        2.56409353,      0.7561136982,      -2.952273979,      -2.414246049,      -2.903514126,      -2.890255493,      -3.330207022,      0.9216119151,      0.3253485897,      0.7459543081,                 0,                 0,                 0,     0.06663609286,     0.09303647094,      0.8084823743,                 0,       2.251729698,      0.7509437974,   0.0003962948137,    0.001963111091
        582,           9,      -8.251935288,      -5.033405371,      -5.343611029,      -2.704143337,      -4.401995172,      0.9329898399,      0.3604932844,      0.9315060525,                 0,                 0,                 0,      0.1364486914,     0.07239542987,      0.9962017043,                 0,       2.583976159,      0.7561136982,      -2.940700165,      -2.449826178,      -2.893637647,      -2.886088468,      -3.343057059,      0.9217489985,      0.3255806605,      0.7469288622,                 0,                 0,                 0,     0.06691512878,     0.09297346937,      0.8094821961,                 0,       2.253395527,      0.7504634006,   0.0003695119836,    0.001795886516
        583,           9,      -8.244559954,      -5.106262116,      -5.379557337,      -2.700153397,      -4.416089414,      0.9329898399,      0.3627671796,      0.9410741381,                 0,                 0,                 0,      0.1379700271,     0.07177252912,       1.006016533,                 0,       2.594154574,      0.7540789029,      -2.932923163,      -2.522619696,      -2.929736455,      -2.882039593,      -3.356723538,       0.921882818,      0.3257813243,      0.7477275254,                 0,                 0,                 0,      0.0671282364,      0.0929318586,      0.8103046298,                 0,        2.25473816,       0.749979193,   0.0003409479904,    0.001621748198
        584,           9,      -8.247714641,      -5.134994033,      -5.514583395,       -2.69047966,      -4.470063047,      0.9329898399,      0.3637566643,      0.9434437296,                 0,                 0,                 0,      0.1362693888,      0.0720259766,       1.008571882,                 0,       2.593612219,      0.7540789029,      -2.936247194,      -2.551778366,      -3.064917029,      -2.872674876,      -3.411203923,      0.9220134889,      0.3259518604,      0.7483601175,                 0,                 0,                 0,     0.06728010972,     0.09290999101,      0.8109594406,                 0,       2.255779078,      0.7494999025,   0.0003112046229,    0.001444086582
        585,           9,      -8.247854799,      -5.173629592,      -5.680638595,      -2.687190456,      -4.502016224,      0.9329898399,      0.3632885868,      0.9380627952,                 0,                 0,                 0,      0.1312533562,     0.07315158474,       1.003289216,                 0,       2.582142213,      0.7518539233,      -2.937175671,      -2.591055744,      -3.230813289,      -2.869981359,      -3.444287911,      0.9221411209,      0.3260939227,      0.7488382878,                 0,                 0,                 0,      0.0673760088,     0.09290604238,      0.8114582521,                 0,       2.256542637,      0.7490331004,   0.0002808513481,    0.001266053769
        586,           9,      -8.252103402,      -5.231811947,      -5.848700089,      -2.698874098,      -4.574145733,      0.9329898399,       0.361331802,      0.9249332597,                 0,                 0,                 0,      0.1231391943,     0.07511900682,      0.9901612701,                 0,       2.559789243,      0.7522842683,      -2.942372527,       -2.64989202,      -3.398418638,      -2.882205515,      -3.518106556,      0.9222658188,      0.3262094806,      0.7491751629,                 0,                 0,                 0,     0.06742162427,     0.09291805827,      0.8118141933,                 0,       2.257055393,      0.7485852131,   0.0002504195914,    0.001090534904
        587,           9,      -8.250138644,      -5.423795457,      -5.785003143,      -2.729347975,      -4.612144836,      0.9329898399,      0.3579731727,      0.9046110738,                 0,                 0,                 0,      0.1123885426,     0.07784876585,      0.9697450989,                 0,       2.527035942,      0.7522842683,      -2.940915636,      -2.842623087,      -3.334591012,      -2.912788902,      -3.557847958,      0.9223876827,      0.3263007581,      0.7493849919,                 0,                 0,                 0,     0.06742294134,     0.09294399931,      0.8120415407,                 0,        2.25734544,      0.7481615598,   0.0002203976686,   0.0009201249691
        588,           9,      -8.256533651,      -5.495190292,      -5.507850027,      -2.750602478,      -4.718369255,      0.9329898399,      0.3534122251,      0.8782156771,                 0,                 0,                 0,     0.09982438464,     0.08120437702,      0.9431695635,                 0,       2.484961229,      0.7384983115,      -2.947104871,      -2.915174557,      -3.058297202,      -2.933715666,      -3.665620423,       0.922506808,      0.3263701711,       0.749482794,                 0,                 0,                 0,     0.06738610553,     0.09298178468,      0.8121553637,                 0,       2.257441778,      0.7477664121,   0.0001912263531,   0.0007571105607
        589,           9,      -8.272723594,      -5.438012657,      -5.398466003,      -2.771610099,      -4.699607737,      0.9329898399,      0.3480005993,      0.8474287716,                 0,                 0,                 0,     0.08643632881,     0.08503043355,      0.9121456931,                 0,       2.435135955,      0.7344260311,      -2.962630131,      -2.859650358,      -2.950591206,      -2.954260562,      -3.647825945,      0.9226232862,      0.3264202652,      0.7494840136,                 0,                 0,                 0,     0.06731729249,     0.09302933338,      0.8121711761,                 0,       2.257373709,      0.7474030668,   0.0001632951258,   0.0006034564866
        590,           9,      -8.268299013,      -5.274015846,      -5.226487803,      -2.766609624,      -4.632408544,      0.9329898399,      0.3420857922,      0.8141279936,                 0,                 0,                 0,     0.07303050032,     0.08911028065,      0.8785706785,                 0,       2.379894203,      0.7282051395,      -2.957680262,      -2.697634722,      -2.781023148,      -2.949047449,      -3.580926204,      0.9227372043,      0.3264536552,        0.74940419,                 0,                 0,                 0,     0.06722258477,     0.09308460253,      0.8121046028,                 0,       2.257170276,      0.7470739232,   0.0001369392386,   0.0004767620403
        591,           9,      -8.283686824,      -5.222564712,      -5.076167295,      -2.776556539,      -4.601386865,      0.9329898399,      0.3358836406,      0.7797286733,                 0,                 0,                 0,     0.06036126367,     0.09323652156,      0.8438611112,                 0,       2.321424979,      0.6838959559,      -2.973261029,      -2.648411061,      -2.633614146,      -2.959298201,      -3.549909979,       0.922848646,      0.3264729661,      0.7492586468,                 0,                 0,                 0,     0.06710785866,     0.09314562229,      0.8119710651,                 0,       2.256859751,      0.7467805592,   0.0001124376404,   0.0003755072293
        592,           9,      -8.289778433,      -5.090944216,      -5.006627699,      -2.775911477,      -4.549775774,      0.9329898399,      0.3298662835,      0.7462913023,                 0,                 0,                 0,     0.04899292452,     0.09725823549,      0.8101254894,                 0,       2.262405525,      0.7113094129,       -2.98045687,      -2.519070001,      -2.566901574,      -2.959457141,      -3.498982483,      0.9229576911,      0.3264807789,      0.7490622086,                 0,                 0,                 0,     0.06697868374,     0.09321052673,      0.8117854945,                 0,       2.256469175,      0.7465238071,   9.001183665e-05,   0.0002976956384
        593,           9,      -8.302814967,      -4.865133948,      -4.975311505,      -2.732649868,      -4.514045967,      0.9329898399,      0.3240205135,      0.7145824967,                 0,                 0,                 0,     0.03895763856,      0.1009386553,        0.77809307,                 0,       2.205361905,      0.6980055428,      -2.995199946,      -2.295115232,      -2.537857248,      -2.917213681,      -3.464179084,      0.9230644161,      0.3264795819,      0.7488289499,                 0,                 0,                 0,     0.06684023778,     0.09327758024,      0.8115620781,                 0,       2.256023959,      0.7463038158,   7.006516194e-05,   0.0002411551925
        594,           9,      -8.295958454,      -4.836037336,      -5.068386455,      -2.696781948,      -4.461150701,      0.9329898399,      0.3192408967,      0.6871345083,                 0,                 0,                 0,     0.03108906703,      0.1043929002,      0.7504470034,                 0,        2.15240126,      0.6510247726,      -2.990012243,      -2.267051112,      -2.632550773,      -2.882103596,      -3.411814385,      0.9231688942,      0.3264717272,      0.7485719814,                 0,                 0,                 0,     0.06669723834,     0.09334519907,      0.8113140414,                 0,       2.255547551,      0.7461201128,   5.379702601e-05,   0.0002035928303
        595,           9,      -8.215094453,      -4.752314273,      -5.081608666,      -2.597196573,      -4.420929037,      0.9329898399,      0.3148259048,      0.6627498903,                 0,                 0,                 0,     0.02441849991,      0.1073001948,      0.7258370586,                 0,       2.105131376,      0.6734944671,      -2.909894916,      -2.183581784,      -2.647101576,      -2.782485271,      -3.371995235,      0.9232711958,      0.3264593953,      0.7483032761,                 0,                 0,                 0,     0.06655389199,     0.09341196782,      0.8110534718,                 0,       2.255061168,      0.7459716769,   4.082398898e-05,    0.000182646328
        596,           9,      -8.222664466,      -4.719647383,        -5.2613139,      -2.606000894,       -4.37361359,      0.9329898399,      0.3113407332,      0.6429690673,                 0,                 0,                 0,     0.01941009762,      0.1097506617,      0.7059015979,                 0,       2.065162051,      0.6546783609,      -2.916845647,      -2.151026063,      -2.828388248,      -2.790478655,      -3.325415897,       0.923371388,      0.3264445665,      0.7480335377,                 0,                 0,                 0,     0.06641386098,     0.09347665094,      0.8107911841,                 0,       2.254583601,       0.745856993,   3.075106331e-05,   0.0001759326619
        597,           9,      -8.237040535,      -4.685184573,      -5.280241687,      -2.629917863,      -4.320322772,      0.9329898399,      0.3084347073,      0.6273313697,                 0,                 0,                 0,     0.01547432401,      0.1115436355,      0.6900975536,                 0,       2.033919513,      0.6546783609,      -2.929688683,      -2.117261321,      -2.849156646,      -2.813283703,       -3.27327093,      0.9234695354,      0.3264290008,      0.7477721109,                 0,                 0,                 0,     0.06628024671,     0.09353819919,      0.8105366294,                 0,       2.254131083,      0.7457741057,   2.317988432e-05,   0.0001810924452
        598,           9,      -8.236190463,      -4.669942309,      -5.285848411,      -2.611087093,       -4.30365852,      0.9329898399,      0.3062672327,      0.6161659904,                 0,                 0,                 0,     0.01268505626,      0.1127353102,        0.67878634,                 0,       2.011857374,       0.693693607,      -2.927120214,      -2.103599096,      -2.856660648,      -2.793414334,      -3.256927716,      0.9235657001,      0.3264142243,      0.7475269322,                 0,                 0,                 0,     0.06615558823,     0.09359575161,      0.8102978437,                 0,       2.253717226,      0.7457206773,   1.771624488e-05,   0.0001958301047
        599,           9,       -8.18756449,      -4.652778239,      -5.222626148,      -2.530588883,      -4.285478502,      0.9329898399,      0.3050923571,      0.6105018419,                 0,                 0,                 0,     0.01126864775,      0.1132678078,      0.6730261875,                 0,       2.001039449,      0.7062671721,      -2.877467274,      -2.088751471,      -2.795111563,      -2.712384654,      -3.238220944,      0.9236599415,      0.3264015233,      0.7473045185,                 0,                 0,                 0,     0.06604187403,     0.09364863306,       0.810081435,                 0,       2.253353026,      0.7456940467,   1.397692848e-05,   0.0002179495136
        600,           9,      -8.184131745,       -4.65715062,      -5.346612958,      -2.513719734,      -4.280459665,      0.9329898399,      0.3043274216,      0.6078359101,                 0,                 0,                 0,     0.01129754967,      0.1133157394,      0.6702530987,                 0,        1.99730904,      0.7062671721,      -2.874026981,      -2.095298541,      -2.920098702,      -2.695588747,      -3.232898746,      0.9237523168,      0.3263919448,      0.7471099887,                 0,                 0,                 0,     0.06594056487,     0.09369634806,      0.8098926047,                 0,       2.253046912,      0.7456912998,   1.159578411e-05,   0.0002294201312
        601,           9,      -8.205643863,      -4.685513772,      -5.447723779,      -2.565365628,      -4.282664419,      0.9329898399,      0.3039175099,      0.6093559711,                 0,                 0,                 0,      0.0123631488,       0.112479316,      0.6715868937,                 0,       2.005004488,      0.7754251254,      -2.896164074,      -2.124614607,      -3.021479057,      -2.747616876,       -3.23496068,      0.9238428807,       0.326386302,      0.7469471162,                 0,                 0,                 0,     0.06585262564,     0.09373857118,      0.8097351992,                 0,       2.252804861,       0.745709351,   1.022897685e-05,   0.0002311530656
        602,           9,      -8.208250808,      -4.665715314,      -5.527937969,      -2.593056393,       -4.29336514,      0.9329898399,      0.3038668921,       0.613721104,                 0,                 0,                 0,     0.01473662247,      0.1111546687,      0.6757464919,                 0,       2.019703758,      0.8660080298,      -2.899133677,       -2.10419301,      -3.101434976,       -2.77548339,      -3.244438864,      0.9239316861,      0.3263851853,       0.746818405,                 0,                 0,                 0,     0.06577856446,     0.09377513476,      0.8096117856,                 0,       2.252630542,      0.7457450214,   9.559362683e-06,    0.000224380356
        603,           9,      -8.204596312,      -4.640424703,      -5.528659979,      -2.568931775,      -4.224645802,      0.9329898399,      0.3042819845,      0.6215795259,                 0,                 0,                 0,      0.0184619712,      0.1092540433,      0.6833828994,                 0,       2.042774655,      0.8660080298,      -2.895053297,       -2.07726802,      -3.101741514,      -2.751061882,      -3.174458126,      0.9240187838,      0.3263889763,       0.746725187,                 0,                 0,                 0,     0.06571847703,     0.09380601441,      0.8095237492,                 0,       2.252525513,      0.7457951253,   9.818758363e-06,   0.0002103762893
        604,           9,      -8.198258788,      -4.673862227,      -5.280265479,      -2.544305206,      -4.286279222,      0.9329898399,      0.3054704746,      0.6334397175,                 0,                 0,                 0,     0.02351302318,      0.1069230176,      0.6950723379,                 0,       2.073652841,      0.8660080298,      -2.887896898,      -2.108830007,      -2.852385414,      -2.725926318,      -3.234242095,      0.9241042224,      0.3263978651,      0.7466677328,                 0,                 0,                 0,     0.06567209462,     0.09383131279,      0.8094714043,                 0,       2.252489428,      0.7458565779,    9.92216738e-06,   0.0001904248607
        605,           9,      -8.239470623,       -4.72920905,      -5.217359359,      -2.568825911,      -4.283023647,      0.9329898399,      0.3072955417,      0.6484842887,                 0,                 0,                 0,     0.02984692413,       0.104269731,      0.7099931308,                 0,       2.110295142,      0.8740035312,      -2.928684492,      -2.162660362,      -2.787796288,      -2.750172296,      -3.230146211,       0.924188049,      0.3264118693,      0.7466453739,                 0,                 0,                 0,      0.0656388343,     0.09385124225,      0.8094541168,                 0,       2.252520276,      0.7459264989,   1.008940378e-05,   0.0001657902193
        606,           9,      -8.269947712,      -4.824710902,        -5.3973563,      -2.642897778,      -4.288485193,      0.9329898399,      0.3096235963,       0.666393533,                 0,                 0,                 0,     0.03746176099,      0.1012599044,      0.7278004836,                 0,       2.152269856,      0.8740035312,      -2.959285442,      -2.256919641,      -2.965260343,      -2.824200216,      -3.235811015,      0.9242703087,      0.3264308548,       0.746656631,                 0,                 0,                 0,     0.06561785005,     0.09386610692,      0.8094704328,                 0,       2.252614627,        0.74600229,   1.050508145e-05,   0.0001399420842
        607,           9,      -8.280084982,      -4.803966108,      -5.682467634,      -2.674766033,      -4.292880223,      0.9329898399,       0.312973656,      0.6877217194,                 0,                 0,                 0,     0.04632411384,     0.09822782422,      0.7491761924,                 0,       2.197378937,      0.8199868825,        -2.9695822,      -2.234827468,      -3.247452267,      -2.855933818,      -3.239707141,      0.9243510451,      0.3264545566,      0.7466993453,                 0,                 0,                 0,     0.06560808372,     0.09387628458,      0.8095182104,                 0,       2.252767885,      0.7460816884,   1.131868805e-05,   0.0001180708305
        608,           9,      -8.291345514,      -4.760035966,      -5.608684811,      -2.687210737,      -4.310967544,      0.9329898399,      0.3172881743,      0.7125621104,                 0,                 0,                 0,     0.05625443268,     0.09509119111,      0.7741926195,                 0,       2.245788429,      0.7973793545,      -2.980397643,      -2.189159306,      -3.170981615,        -2.8678868,      -3.256941458,      0.9244303001,      0.3264826007,      0.7467708101,                 0,                 0,                 0,       0.065608315,     0.09388220898,      0.8095947518,                 0,       2.252974542,      0.7461627999,   1.264543934e-05,   0.0001006994416
        609,           9,      -8.295096487,      -4.754456418,      -5.264784549,      -2.676958171,      -4.322366036,      0.9329898399,      0.3221341179,      0.7392037675,                 0,                 0,                 0,     0.06707034454,     0.09193612341,      0.8010869796,                 0,       2.294708093,      0.8106832246,      -2.982935946,      -2.181593112,       -2.82508307,      -2.856885405,      -3.267600826,      0.9245081141,      0.3265145256,      0.7468678995,                 0,                 0,                 0,     0.06561720947,     0.09388435274,      0.8096969328,                 0,        2.25322842,      0.7462441045,   1.456783068e-05,    8.81670035e-05
        610,           9,      -8.303179656,      -4.781988107,       -5.27878896,       -2.65668134,      -4.342511772,      0.9329898399,      0.3278087745,      0.7685789487,                 0,                 0,                 0,     0.07818724251,     0.08877435265,      0.8308377142,                 0,       2.344595412,      0.7838456792,      -2.989503519,      -2.207272706,      -2.837680973,      -2.835958084,      -3.285974666,      0.9245845261,      0.3265498037,      0.7469871927,                 0,                 0,                 0,     0.06563336421,     0.09388321144,      0.8098213278,                 0,       2.253522908,      0.7463244364,   1.713779165e-05,   8.064334827e-05
